Name,NumberOfPersons,Year,Month
Александр,253,2015,январь
Михаил,247,2015,январь
Иван,226,2015,январь
Максим,208,2015,январь
Артём,190,2015,январь
Даниил,171,2015,январь
Дмитрий,164,2015,январь
Кирилл,151,2015,январь
Андрей,130,2015,январь
Егор,126,2015,январь
Илья,122,2015,январь
Алексей,108,2015,январь
Владимир,107,2015,январь
Матвей,102,2015,январь
Тимофей,102,2015,январь
Ярослав,91,2015,январь
Роман,90,2015,январь
Фёдор,87,2015,январь
Никита,87,2015,январь
Марк,85,2015,январь
Сергей,84,2015,январь
Николай,70,2015,январь
Владислав,63,2015,январь
Степан,61,2015,январь
Глеб,57,2015,январь
Лев,51,2015,январь
Павел,51,2015,январь
Евгений,50,2015,январь
Арсений,49,2015,январь
Константин,49,2015,январь
Георгий,48,2015,январь
Григорий,46,2015,январь
Тимур,44,2015,январь
Макар,40,2015,январь
Игорь,39,2015,январь
Руслан,36,2015,январь
Пётр,36,2015,январь
Виктор,35,2015,январь
Денис,35,2015,январь
Семён,34,2015,январь
Платон,33,2015,январь
Артемий,32,2015,январь
Богдан,31,2015,январь
Василий,30,2015,январь
Юрий,30,2015,январь
Давид,29,2015,январь
Данила,29,2015,январь
Леонид,28,2015,январь
Антон,28,2015,январь
Вячеслав,26,2015,январь
Амир,26,2015,январь
Захар,25,2015,январь
Мирон,25,2015,январь
Савелий,23,2015,январь
Всеволод,21,2015,январь
Артур,20,2015,январь
Адам,19,2015,январь
Елисей,19,2015,январь
Родион,18,2015,январь
Олег,18,2015,январь
Филипп,17,2015,январь
Даниэль,17,2015,январь
Вадим,17,2015,январь
Лука,17,2015,январь
Демид,16,2015,январь
Умар,15,2015,январь
Святослав,15,2015,январь
Ян,14,2015,январь
Дамир,14,2015,январь
Данил,14,2015,январь
Тихон,13,2015,январь
Борис,13,2015,январь
Гордей,13,2015,январь
Артем,12,2015,январь
Роберт,11,2015,январь
Серафим,11,2015,январь
Мирослав,11,2015,январь
Валерий,11,2015,январь
Виталий,11,2015,январь
Мухаммад,10,2015,январь
Марат,10,2015,январь
Станислав,10,2015,январь
Муслим,10,2015,январь
Амин,9,2015,январь
Герман,9,2015,январь
Камиль,9,2015,январь
Савва,9,2015,январь
Али,9,2015,январь
Тамерлан,8,2015,январь
Юсуф,8,2015,январь
Яков,8,2015,январь
Рустам,8,2015,январь
Эмиль,7,2015,январь
Билал,7,2015,январь
Нурислам,7,2015,январь
Данис,6,2015,январь
Ислам,6,2015,январь
Эрик,6,2015,январь
Игнат,6,2015,январь
Анатолий,6,2015,январь
Максим,242,2015,февраль
Александр,228,2015,февраль
Артём,207,2015,февраль
Михаил,190,2015,февраль
Иван,186,2015,февраль
Дмитрий,147,2015,февраль
Егор,136,2015,февраль
Кирилл,120,2015,февраль
Андрей,120,2015,февраль
Тимофей,120,2015,февраль
Даниил,117,2015,февраль
Илья,116,2015,февраль
Алексей,101,2015,февраль
Владимир,97,2015,февраль
Матвей,94,2015,февраль
Фёдор,89,2015,февраль
Роман,88,2015,февраль
Никита,85,2015,февраль
Ярослав,81,2015,февраль
Марк,74,2015,февраль
Сергей,70,2015,февраль
Владислав,66,2015,февраль
Николай,66,2015,февраль
Степан,65,2015,февраль
Лев,61,2015,февраль
Арсений,58,2015,февраль
Тимур,57,2015,февраль
Глеб,56,2015,февраль
Семён,56,2015,февраль
Константин,53,2015,февраль
Георгий,48,2015,февраль
Павел,46,2015,февраль
Григорий,45,2015,февраль
Давид,43,2015,февраль
Денис,42,2015,февраль
Макар,38,2015,февраль
Данила,36,2015,февраль
Руслан,34,2015,февраль
Виктор,33,2015,февраль
Амир,32,2015,февраль
Евгений,29,2015,февраль
Артемий,29,2015,февраль
Игорь,28,2015,февраль
Василий,27,2015,февраль
Захар,27,2015,февраль
Антон,26,2015,февраль
Леонид,26,2015,февраль
Богдан,25,2015,февраль
Пётр,25,2015,февраль
Даниэль,25,2015,февраль
Платон,25,2015,февраль
Мирон,24,2015,февраль
Всеволод,23,2015,февраль
Вячеслав,22,2015,февраль
Елисей,21,2015,февраль
Савелий,21,2015,февраль
Артем,20,2015,февраль
Тихон,19,2015,февраль
Станислав,19,2015,февраль
Умар,19,2015,февраль
Святослав,19,2015,февраль
Юрий,18,2015,февраль
Лука,18,2015,февраль
Олег,17,2015,февраль
Артур,17,2015,февраль
Филипп,15,2015,февраль
Савва,15,2015,февраль
Дамир,15,2015,февраль
Эмиль,14,2015,февраль
Гордей,14,2015,февраль
Борис,14,2015,февраль
Анатолий,13,2015,февраль
Демид,13,2015,февраль
Адам,13,2015,февраль
Вадим,13,2015,февраль
Мирослав,12,2015,февраль
Герман,12,2015,февраль
Мухаммад,11,2015,февраль
Родион,10,2015,февраль
Демьян,10,2015,февраль
Федор,9,2015,февраль
Ян,9,2015,февраль
Валерий,9,2015,февраль
Арсен,8,2015,февраль
Самир,8,2015,февраль
Ибрагим,8,2015,февраль
Сулейман,8,2015,февраль
Юсуф,8,2015,февраль
Роберт,8,2015,февраль
Тигран,7,2015,февраль
Серафим,7,2015,февраль
Саид,7,2015,февраль
Али,7,2015,февраль
Аркадий,7,2015,февраль
Виталий,7,2015,февраль
Марсель,6,2015,февраль
Эмин,6,2015,февраль
Эмир,6,2015,февраль
Ахмед,6,2015,февраль
Камиль,5,2015,февраль
Александр,245,2015,март
Максим,233,2015,март
Михаил,226,2015,март
Артём,191,2015,март
Иван,186,2015,март
Даниил,183,2015,март
Кирилл,179,2015,март
Дмитрий,170,2015,март
Тимофей,144,2015,март
Егор,143,2015,март
Илья,127,2015,март
Алексей,124,2015,март
Андрей,111,2015,март
Марк,109,2015,март
Владимир,106,2015,март
Матвей,97,2015,март
Никита,97,2015,март
Роман,95,2015,март
Фёдор,86,2015,март
Ярослав,81,2015,март
Сергей,78,2015,март
Георгий,74,2015,март
Владислав,72,2015,март
Лев,68,2015,март
Степан,67,2015,март
Арсений,66,2015,март
Николай,66,2015,март
Тимур,65,2015,март
Семён,61,2015,март
Константин,60,2015,март
Григорий,53,2015,март
Макар,51,2015,март
Глеб,50,2015,март
Павел,50,2015,март
Давид,44,2015,март
Денис,44,2015,март
Платон,42,2015,март
Виктор,37,2015,март
Данила,35,2015,март
Руслан,34,2015,март
Пётр,32,2015,март
Евгений,30,2015,март
Богдан,27,2015,март
Демид,27,2015,март
Антон,27,2015,март
Всеволод,27,2015,март
Игорь,26,2015,март
Амир,25,2015,март
Мирон,25,2015,март
Захар,25,2015,март
Леонид,24,2015,март
Вадим,23,2015,март
Юрий,23,2015,март
Савелий,21,2015,март
Олег,20,2015,март
Вячеслав,20,2015,март
Герман,19,2015,март
Артем,18,2015,март
Елисей,18,2015,март
Василий,18,2015,март
Даниэль,18,2015,март
Святослав,17,2015,март
Артур,17,2015,март
Родион,16,2015,март
Лука,15,2015,март
Дамир,14,2015,март
Артемий,14,2015,март
Борис,14,2015,март
Савва,13,2015,март
Данил,12,2015,март
Ян,12,2015,март
Валерий,12,2015,март
Станислав,11,2015,март
Гордей,11,2015,март
Мухаммад,11,2015,март
Тихон,11,2015,март
Мирослав,11,2015,март
Юсуф,10,2015,март
Рустам,10,2015,март
Анатолий,10,2015,март
Арсен,9,2015,март
Ростислав,9,2015,март
Эмир,9,2015,март
Виталий,9,2015,март
Умар,9,2015,март
Роберт,9,2015,март
Серафим,9,2015,март
Адам,9,2015,март
Демьян,9,2015,март
Али,8,2015,март
Магомед,8,2015,март
Аслан,8,2015,март
Яромир,8,2015,март
Петр,8,2015,март
Марат,8,2015,март
Филипп,7,2015,март
Самир,7,2015,март
Марсель,7,2015,март
Ильяс,7,2015,март
Федор,7,2015,март
Александр,297,2015,апрель
Максим,239,2015,апрель
Михаил,225,2015,апрель
Артём,219,2015,апрель
Иван,209,2015,апрель
Даниил,190,2015,апрель
Дмитрий,181,2015,апрель
Егор,164,2015,апрель
Кирилл,154,2015,апрель
Алексей,137,2015,апрель
Андрей,133,2015,апрель
Ярослав,125,2015,апрель
Илья,124,2015,апрель
Никита,124,2015,апрель
Тимофей,123,2015,апрель
Владимир,117,2015,апрель
Матвей,111,2015,апрель
Фёдор,97,2015,апрель
Роман,96,2015,апрель
Марк,91,2015,апрель
Сергей,87,2015,апрель
Георгий,73,2015,апрель
Степан,71,2015,апрель
Константин,71,2015,апрель
Владислав,70,2015,апрель
Павел,70,2015,апрель
Лев,66,2015,апрель
Макар,63,2015,апрель
Тимур,60,2015,апрель
Николай,55,2015,апрель
Семён,52,2015,апрель
Денис,51,2015,апрель
Арсений,49,2015,апрель
Давид,45,2015,апрель
Данила,44,2015,апрель
Глеб,43,2015,апрель
Евгений,39,2015,апрель
Руслан,39,2015,апрель
Игорь,38,2015,апрель
Григорий,38,2015,апрель
Мирон,38,2015,апрель
Платон,35,2015,апрель
Савелий,35,2015,апрель
Богдан,34,2015,апрель
Захар,33,2015,апрель
Пётр,31,2015,апрель
Вадим,31,2015,апрель
Даниэль,30,2015,апрель
Леонид,29,2015,апрель
Артемий,28,2015,апрель
Виктор,28,2015,апрель
Юрий,26,2015,апрель
Елисей,26,2015,апрель
Святослав,25,2015,апрель
Филипп,24,2015,апрель
Антон,24,2015,апрель
Артем,24,2015,апрель
Олег,23,2015,апрель
Артур,22,2015,апрель
Амир,22,2015,апрель
Василий,21,2015,апрель
Вячеслав,21,2015,апрель
Тихон,18,2015,апрель
Адам,17,2015,апрель
Демид,17,2015,апрель
Мухаммад,16,2015,апрель
Дамир,15,2015,апрель
Мирослав,14,2015,апрель
Савва,14,2015,апрель
Данил,14,2015,апрель
Роберт,14,2015,апрель
Борис,14,2015,апрель
Станислав,13,2015,апрель
Лука,13,2015,апрель
Герман,13,2015,апрель
Амин,12,2015,апрель
Анатолий,12,2015,апрель
Умар,12,2015,апрель
Всеволод,12,2015,апрель
Родион,11,2015,апрель
Марсель,10,2015,апрель
Клим,9,2015,апрель
Федор,9,2015,апрель
Серафим,9,2015,апрель
Али,8,2015,апрель
Эмин,8,2015,апрель
Яков,7,2015,апрель
Расул,7,2015,апрель
Гордей,7,2015,апрель
Марат,7,2015,апрель
Камиль,7,2015,апрель
Ислам,7,2015,апрель
Сулейман,6,2015,апрель
Тамерлан,6,2015,апрель
Демьян,6,2015,апрель
Арслан,6,2015,апрель
Прохор,6,2015,апрель
Арсен,6,2015,апрель
Микаэль,6,2015,апрель
Игнат,5,2015,апрель
Александр,318,2015,май
Максим,243,2015,май
Михаил,225,2015,май
Иван,216,2015,май
Артём,216,2015,май
Дмитрий,187,2015,май
Даниил,159,2015,май
Кирилл,156,2015,май
Андрей,142,2015,май
Егор,130,2015,май
Никита,129,2015,май
Илья,123,2015,май
Тимофей,115,2015,май
Алексей,114,2015,май
Роман,107,2015,май
Владимир,103,2015,май
Марк,95,2015,май
Матвей,93,2015,май
Ярослав,92,2015,май
Георгий,91,2015,май
Лев,79,2015,май
Глеб,77,2015,май
Константин,73,2015,май
Николай,71,2015,май
Фёдор,67,2015,май
Сергей,64,2015,май
Степан,63,2015,май
Владислав,60,2015,май
Арсений,58,2015,май
Тимур,56,2015,май
Григорий,46,2015,май
Павел,46,2015,май
Денис,46,2015,май
Семён,46,2015,май
Виктор,45,2015,май
Руслан,42,2015,май
Давид,40,2015,май
Юрий,40,2015,май
Макар,38,2015,май
Платон,35,2015,май
Пётр,34,2015,май
Вячеслав,32,2015,май
Леонид,32,2015,май
Артемий,31,2015,май
Антон,31,2015,май
Игорь,30,2015,май
Данила,29,2015,май
Вадим,29,2015,май
Богдан,27,2015,май
Евгений,26,2015,май
Олег,26,2015,май
Святослав,26,2015,май
Мирон,24,2015,май
Елисей,22,2015,май
Всеволод,21,2015,май
Василий,19,2015,май
Роберт,18,2015,май
Савелий,18,2015,май
Артур,18,2015,май
Филипп,17,2015,май
Захар,17,2015,май
Даниэль,17,2015,май
Умар,17,2015,май
Али,17,2015,май
Савва,17,2015,май
Адам,17,2015,май
Тихон,17,2015,май
Артем,16,2015,май
Амир,16,2015,май
Родион,16,2015,май
Герман,15,2015,май
Мухаммад,15,2015,май
Станислав,15,2015,май
Борис,14,2015,май
Демид,13,2015,май
Серафим,13,2015,май
Марат,12,2015,май
Яков,11,2015,май
Мирослав,11,2015,май
Ибрагим,11,2015,май
Лука,10,2015,май
Дамир,10,2015,май
Данил,10,2015,май
Валерий,10,2015,май
Гордей,9,2015,май
Виталий,9,2015,май
Эмир,9,2015,май
Ислам,9,2015,май
Юсуф,9,2015,май
Эмиль,8,2015,май
Мартин,7,2015,май
Магомед,7,2015,май
Данис,7,2015,май
Ильяс,7,2015,май
Камиль,7,2015,май
Эмин,7,2015,май
Ян,7,2015,май
Яромир,7,2015,май
Анатолий,7,2015,май
Леон,7,2015,май
Александр,281,2015,июнь
Артём,262,2015,июнь
Максим,262,2015,июнь
Иван,262,2015,июнь
Михаил,238,2015,июнь
Дмитрий,216,2015,июнь
Даниил,208,2015,июнь
Кирилл,156,2015,июнь
Никита,153,2015,июнь
Егор,145,2015,июнь
Тимофей,142,2015,июнь
Андрей,137,2015,июнь
Алексей,136,2015,июнь
Матвей,130,2015,июнь
Роман,116,2015,июнь
Илья,114,2015,июнь
Ярослав,112,2015,июнь
Владимир,105,2015,июнь
Марк,99,2015,июнь
Степан,89,2015,июнь
Константин,88,2015,июнь
Фёдор,80,2015,июнь
Лев,78,2015,июнь
Сергей,76,2015,июнь
Глеб,74,2015,июнь
Владислав,68,2015,июнь
Денис,66,2015,июнь
Николай,65,2015,июнь
Георгий,64,2015,июнь
Арсений,62,2015,июнь
Павел,61,2015,июнь
Тимур,58,2015,июнь
Данила,56,2015,июнь
Макар,52,2015,июнь
Руслан,50,2015,июнь
Давид,46,2015,июнь
Семён,46,2015,июнь
Евгений,43,2015,июнь
Григорий,43,2015,июнь
Игорь,43,2015,июнь
Артемий,41,2015,июнь
Елисей,40,2015,июнь
Вячеслав,37,2015,июнь
Мирон,37,2015,июнь
Платон,35,2015,июнь
Пётр,33,2015,июнь
Леонид,33,2015,июнь
Олег,32,2015,июнь
Амир,31,2015,июнь
Святослав,30,2015,июнь
Юрий,29,2015,июнь
Всеволод,29,2015,июнь
Антон,29,2015,июнь
Виктор,29,2015,июнь
Захар,28,2015,июнь
Артур,28,2015,июнь
Умар,25,2015,июнь
Богдан,24,2015,июнь
Савелий,23,2015,июнь
Али,23,2015,июнь
Демид,23,2015,июнь
Вадим,22,2015,июнь
Василий,21,2015,июнь
Артем,20,2015,июнь
Адам,20,2015,июнь
Филипп,20,2015,июнь
Гордей,19,2015,июнь
Дамир,19,2015,июнь
Станислав,18,2015,июнь
Мухаммад,18,2015,июнь
Борис,17,2015,июнь
Герман,17,2015,июнь
Лука,17,2015,июнь
Мирослав,16,2015,июнь
Роберт,16,2015,июнь
Данил,16,2015,июнь
Тихон,15,2015,июнь
Даниэль,14,2015,июнь
Савва,13,2015,июнь
Виталий,12,2015,июнь
Альберт,12,2015,июнь
Валерий,12,2015,июнь
Ян,11,2015,июнь
Ибрагим,11,2015,июнь
Серафим,11,2015,июнь
Федор,10,2015,июнь
Демьян,10,2015,июнь
Яков,10,2015,июнь
Анатолий,10,2015,июнь
Петр,9,2015,июнь
Эрик,9,2015,июнь
Шамиль,9,2015,июнь
Саид,8,2015,июнь
Ислам,8,2015,июнь
Родион,8,2015,июнь
Эмир,8,2015,июнь
Игнат,8,2015,июнь
Ростислав,8,2015,июнь
Самир,8,2015,июнь
Арсен,8,2015,июнь
Александр,303,2015,июль
Максим,298,2015,июль
Михаил,256,2015,июль
Иван,255,2015,июль
Артём,244,2015,июль
Дмитрий,216,2015,июль
Тимофей,176,2015,июль
Даниил,174,2015,июль
Кирилл,171,2015,июль
Андрей,169,2015,июль
Илья,146,2015,июль
Никита,143,2015,июль
Егор,141,2015,июль
Матвей,128,2015,июль
Алексей,118,2015,июль
Роман,112,2015,июль
Владимир,112,2015,июль
Ярослав,110,2015,июль
Марк,107,2015,июль
Глеб,100,2015,июль
Фёдор,100,2015,июль
Сергей,100,2015,июль
Владислав,82,2015,июль
Георгий,81,2015,июль
Павел,79,2015,июль
Степан,77,2015,июль
Николай,74,2015,июль
Константин,73,2015,июль
Лев,68,2015,июль
Тимур,66,2015,июль
Арсений,56,2015,июль
Макар,54,2015,июль
Давид,53,2015,июль
Семён,52,2015,июль
Григорий,51,2015,июль
Виктор,49,2015,июль
Денис,48,2015,июль
Пётр,47,2015,июль
Игорь,45,2015,июль
Артемий,44,2015,июль
Мирон,43,2015,июль
Данила,42,2015,июль
Евгений,41,2015,июль
Руслан,38,2015,июль
Платон,37,2015,июль
Антон,36,2015,июль
Вячеслав,36,2015,июль
Леонид,36,2015,июль
Амир,36,2015,июль
Олег,31,2015,июль
Захар,30,2015,июль
Юрий,30,2015,июль
Елисей,30,2015,июль
Рамазан,30,2015,июль
Тихон,26,2015,июль
Вадим,26,2015,июль
Дамир,26,2015,июль
Василий,25,2015,июль
Всеволод,25,2015,июль
Богдан,24,2015,июль
Герман,24,2015,июль
Савелий,24,2015,июль
Филипп,23,2015,июль
Артур,23,2015,июль
Станислав,21,2015,июль
Савва,21,2015,июль
Адам,19,2015,июль
Даниэль,19,2015,июль
Умар,18,2015,июль
Артем,18,2015,июль
Мирослав,17,2015,июль
Святослав,17,2015,июль
Али,16,2015,июль
Лука,15,2015,июль
Роберт,15,2015,июль
Серафим,15,2015,июль
Мухаммад,15,2015,июль
Демид,15,2015,июль
Гордей,15,2015,июль
Рамзан,14,2015,июль
Эмиль,14,2015,июль
Борис,13,2015,июль
Эмин,10,2015,июль
Ян,10,2015,июль
Демьян,10,2015,июль
Родион,10,2015,июль
Ибрагим,10,2015,июль
Яков,9,2015,июль
Алан,9,2015,июль
Петр,9,2015,июль
Марсель,8,2015,июль
Тамерлан,8,2015,июль
Мухаммед,8,2015,июль
Камиль,8,2015,июль
Данил,8,2015,июль
Алихан,7,2015,июль
Ростислав,7,2015,июль
Самир,7,2015,июль
Леон,7,2015,июль
Анатолий,7,2015,июль
Александр,285,2015,август
Максим,274,2015,август
Иван,246,2015,август
Артём,239,2015,август
Михаил,231,2015,август
Дмитрий,204,2015,август
Илья,202,2015,август
Даниил,192,2015,август
Андрей,153,2015,август
Кирилл,143,2015,август
Лев,136,2015,август
Матвей,135,2015,август
Алексей,131,2015,август
Егор,128,2015,август
Владимир,118,2015,август
Марк,113,2015,август
Фёдор,111,2015,август
Ярослав,111,2015,август
Роман,103,2015,август
Никита,94,2015,август
Сергей,89,2015,август
Константин,87,2015,август
Степан,85,2015,август
Тимофей,76,2015,август
Глеб,72,2015,август
Владислав,68,2015,август
Георгий,67,2015,август
Павел,65,2015,август
Тимур,64,2015,август
Макар,60,2015,август
Николай,59,2015,август
Давид,54,2015,август
Арсений,51,2015,август
Денис,51,2015,август
Платон,50,2015,август
Артемий,47,2015,август
Мирон,47,2015,август
Семён,46,2015,август
Григорий,45,2015,август
Евгений,43,2015,август
Леонид,42,2015,август
Антон,40,2015,август
Игорь,36,2015,август
Пётр,33,2015,август
Данила,32,2015,август
Захар,29,2015,август
Богдан,28,2015,август
Даниэль,27,2015,август
Руслан,27,2015,август
Василий,26,2015,август
Олег,25,2015,август
Вадим,24,2015,август
Виктор,24,2015,август
Дамир,24,2015,август
Тихон,24,2015,август
Юрий,23,2015,август
Демид,22,2015,август
Герман,21,2015,август
Амир,20,2015,август
Савва,20,2015,август
Савелий,20,2015,август
Вячеслав,19,2015,август
Елисей,19,2015,август
Родион,19,2015,август
Данил,18,2015,август
Святослав,18,2015,август
Роберт,17,2015,август
Лука,16,2015,август
Мухаммад,16,2015,август
Станислав,16,2015,август
Умар,16,2015,август
Мирослав,15,2015,август
Али,14,2015,август
Артур,14,2015,август
Всеволод,14,2015,август
Серафим,14,2015,август
Филипп,14,2015,август
Артем,13,2015,август
Адам,13,2015,август
Анатолий,12,2015,август
Борис,12,2015,август
Демьян,12,2015,август
Эмир,12,2015,август
Виталий,11,2015,август
Эмиль,11,2015,август
Гордей,9,2015,август
Максимилиан,9,2015,август
Марат,9,2015,август
Алихан,8,2015,август
Валерий,8,2015,август
Ильяс,8,2015,август
Эрик,8,2015,август
Данияр,7,2015,август
Камиль,7,2015,август
Федор,7,2015,август
Ян,7,2015,август
Аким,6,2015,август
Данис,6,2015,август
Карим,6,2015,август
Леон,6,2015,август
Максим,276,2015,сентябрь
Александр,275,2015,сентябрь
Михаил,249,2015,сентябрь
Артём,233,2015,сентябрь
Дмитрий,218,2015,сентябрь
Иван,217,2015,сентябрь
Даниил,186,2015,сентябрь
Тимофей,147,2015,сентябрь
Матвей,133,2015,сентябрь
Илья,131,2015,сентябрь
Егор,122,2015,сентябрь
Никита,121,2015,сентябрь
Андрей,120,2015,сентябрь
Кирилл,117,2015,сентябрь
Роман,116,2015,сентябрь
Ярослав,115,2015,сентябрь
Владимир,111,2015,сентябрь
Алексей,110,2015,сентябрь
Марк,103,2015,сентябрь
Степан,93,2015,сентябрь
Лев,90,2015,сентябрь
Фёдор,90,2015,сентябрь
Сергей,78,2015,сентябрь
Арсений,72,2015,сентябрь
Глеб,72,2015,сентябрь
Владислав,68,2015,сентябрь
Павел,68,2015,сентябрь
Георгий,67,2015,сентябрь
Константин,67,2015,сентябрь
Тимур,67,2015,сентябрь
Денис,57,2015,сентябрь
Евгений,52,2015,сентябрь
Давид,50,2015,сентябрь
Григорий,49,2015,сентябрь
Макар,49,2015,сентябрь
Семён,49,2015,сентябрь
Николай,46,2015,сентябрь
Данила,43,2015,сентябрь
Руслан,39,2015,сентябрь
Артемий,36,2015,сентябрь
Виктор,35,2015,сентябрь
Захар,34,2015,сентябрь
Игорь,34,2015,сентябрь
Амир,33,2015,сентябрь
Леонид,33,2015,сентябрь
Вячеслав,32,2015,сентябрь
Платон,32,2015,сентябрь
Антон,30,2015,сентябрь
Даниэль,27,2015,сентябрь
Елисей,27,2015,сентябрь
Олег,27,2015,сентябрь
Артур,26,2015,сентябрь
Богдан,26,2015,сентябрь
Демид,26,2015,сентябрь
Мирон,26,2015,сентябрь
Пётр,26,2015,сентябрь
Всеволод,25,2015,сентябрь
Святослав,25,2015,сентябрь
Умар,23,2015,сентябрь
Василий,22,2015,сентябрь
Лука,22,2015,сентябрь
Вадим,19,2015,сентябрь
Герман,19,2015,сентябрь
Мухаммад,19,2015,сентябрь
Тихон,19,2015,сентябрь
Юрий,19,2015,сентябрь
Борис,18,2015,сентябрь
Али,17,2015,сентябрь
Адам,16,2015,сентябрь
Гордей,16,2015,сентябрь
Родион,16,2015,сентябрь
Федор,16,2015,сентябрь
Дамир,15,2015,сентябрь
Савелий,15,2015,сентябрь
Роберт,14,2015,сентябрь
Арсен,13,2015,сентябрь
Демьян,13,2015,сентябрь
Мирослав,13,2015,сентябрь
Валерий,12,2015,сентябрь
Марат,12,2015,сентябрь
Станислав,12,2015,сентябрь
Филипп,12,2015,сентябрь
Артем,10,2015,сентябрь
Данил,10,2015,сентябрь
Муслим,10,2015,сентябрь
Эмин,10,2015,сентябрь
Анатолий,9,2015,сентябрь
Савва,9,2015,сентябрь
Эмир,9,2015,сентябрь
Яков,9,2015,сентябрь
Ибрагим,8,2015,сентябрь
Серафим,8,2015,сентябрь
Сулейман,8,2015,сентябрь
Алинур,7,2015,сентябрь
Игнат,7,2015,сентябрь
Алан,6,2015,сентябрь
Виталий,6,2015,сентябрь
Леон,6,2015,сентябрь
Максимилиан,6,2015,сентябрь
Рафаэль,6,2015,сентябрь
Александр,301,2015,октябрь
Максим,274,2015,октябрь
Михаил,258,2015,октябрь
Иван,237,2015,октябрь
Дмитрий,220,2015,октябрь
Артём,211,2015,октябрь
Даниил,191,2015,октябрь
Алексей,161,2015,октябрь
Андрей,159,2015,октябрь
Матвей,146,2015,октябрь
Владимир,138,2015,октябрь
Кирилл,133,2015,октябрь
Роман,129,2015,октябрь
Егор,124,2015,октябрь
Илья,122,2015,октябрь
Никита,116,2015,октябрь
Марк,112,2015,октябрь
Тимофей,112,2015,октябрь
Сергей,103,2015,октябрь
Лев,98,2015,октябрь
Ярослав,94,2015,октябрь
Степан,90,2015,октябрь
Фёдор,88,2015,октябрь
Владислав,86,2015,октябрь
Константин,84,2015,октябрь
Георгий,75,2015,октябрь
Тимур,75,2015,октябрь
Павел,70,2015,октябрь
Николай,63,2015,октябрь
Мирон,62,2015,октябрь
Глеб,60,2015,октябрь
Давид,58,2015,октябрь
Денис,56,2015,октябрь
Григорий,50,2015,октябрь
Семён,47,2015,октябрь
Арсений,46,2015,октябрь
Евгений,46,2015,октябрь
Платон,46,2015,октябрь
Макар,45,2015,октябрь
Артемий,40,2015,октябрь
Игорь,40,2015,октябрь
Данила,35,2015,октябрь
Амир,34,2015,октябрь
Олег,34,2015,октябрь
Василий,33,2015,октябрь
Леонид,32,2015,октябрь
Елисей,31,2015,октябрь
Юрий,31,2015,октябрь
Богдан,30,2015,октябрь
Антон,28,2015,октябрь
Захар,28,2015,октябрь
Всеволод,27,2015,октябрь
Даниэль,27,2015,октябрь
Филипп,26,2015,октябрь
Руслан,25,2015,октябрь
Дамир,24,2015,октябрь
Тихон,24,2015,октябрь
Вадим,20,2015,октябрь
Вячеслав,20,2015,октябрь
Пётр,20,2015,октябрь
Савелий,20,2015,октябрь
Виктор,19,2015,октябрь
Мирослав,19,2015,октябрь
Роберт,19,2015,октябрь
Артур,18,2015,октябрь
Эмиль,17,2015,октябрь
Демид,16,2015,октябрь
Адам,15,2015,октябрь
Герман,15,2015,октябрь
Святослав,15,2015,октябрь
Умар,15,2015,октябрь
Родион,14,2015,октябрь
Борис,13,2015,октябрь
Станислав,13,2015,октябрь
Али,12,2015,октябрь
Артем,12,2015,октябрь
Данил,12,2015,октябрь
Лука,12,2015,октябрь
Мухаммад,12,2015,октябрь
Гордей,11,2015,октябрь
Марсель,11,2015,октябрь
Ростислав,10,2015,октябрь
Амин,9,2015,октябрь
Ибрагим,9,2015,октябрь
Назар,9,2015,октябрь
Савва,9,2015,октябрь
Серафим,9,2015,октябрь
Тигран,9,2015,октябрь
Эрик,9,2015,октябрь
Анатолий,8,2015,октябрь
Валерий,8,2015,октябрь
Виталий,8,2015,октябрь
Демьян,8,2015,октябрь
Яков,8,2015,октябрь
Альберт,7,2015,октябрь
Аким,7,2015,октябрь
Алихан,7,2015,октябрь
Алекс,7,2015,октябрь
Архип,7,2015,октябрь
Леон,7,2015,октябрь
Александр,267,2015,ноябрь
Михаил,251,2015,ноябрь
Максим,242,2015,ноябрь
Артём,223,2015,ноябрь
Иван,211,2015,ноябрь
Дмитрий,190,2015,ноябрь
Даниил,158,2015,ноябрь
Андрей,150,2015,ноябрь
Матвей,145,2015,ноябрь
Кирилл,142,2015,ноябрь
Егор,128,2015,ноябрь
Илья,125,2015,ноябрь
Алексей,124,2015,ноябрь
Тимофей,119,2015,ноябрь
Никита,116,2015,ноябрь
Владимир,115,2015,ноябрь
Марк,114,2015,ноябрь
Роман,103,2015,ноябрь
Лев,92,2015,ноябрь
Георгий,81,2015,ноябрь
Константин,79,2015,ноябрь
Ярослав,79,2015,ноябрь
Фёдор,78,2015,ноябрь
Владислав,77,2015,ноябрь
Степан,72,2015,ноябрь
Сергей,69,2015,ноябрь
Николай,64,2015,ноябрь
Тимур,64,2015,ноябрь
Платон,62,2015,ноябрь
Арсений,56,2015,ноябрь
Павел,55,2015,ноябрь
Глеб,54,2015,ноябрь
Денис,48,2015,ноябрь
Давид,42,2015,ноябрь
Мирон,40,2015,ноябрь
Данила,39,2015,ноябрь
Пётр,39,2015,ноябрь
Григорий,38,2015,ноябрь
Виктор,36,2015,ноябрь
Макар,36,2015,ноябрь
Евгений,35,2015,ноябрь
Семён,33,2015,ноябрь
Артемий,32,2015,ноябрь
Богдан,30,2015,ноябрь
Василий,30,2015,ноябрь
Юрий,30,2015,ноябрь
Леонид,27,2015,ноябрь
Руслан,26,2015,ноябрь
Савелий,26,2015,ноябрь
Даниэль,25,2015,ноябрь
Игорь,25,2015,ноябрь
Лука,25,2015,ноябрь
Антон,23,2015,ноябрь
Олег,23,2015,ноябрь
Борис,22,2015,ноябрь
Вячеслав,22,2015,ноябрь
Артем,21,2015,ноябрь
Елисей,21,2015,ноябрь
Станислав,21,2015,ноябрь
Амир,20,2015,ноябрь
Всеволод,20,2015,ноябрь
Умар,20,2015,ноябрь
Захар,19,2015,ноябрь
Адам,18,2015,ноябрь
Вадим,18,2015,ноябрь
Гордей,18,2015,ноябрь
Артур,17,2015,ноябрь
Герман,17,2015,ноябрь
Демид,17,2015,ноябрь
Филипп,17,2015,ноябрь
Родион,15,2015,ноябрь
Тихон,15,2015,ноябрь
Савва,14,2015,ноябрь
Святослав,13,2015,ноябрь
Серафим,13,2015,ноябрь
Демьян,12,2015,ноябрь
Мирослав,12,2015,ноябрь
Данил,11,2015,ноябрь
Ильяс,11,2015,ноябрь
Мухаммад,11,2015,ноябрь
Роберт,11,2015,ноябрь
Анатолий,10,2015,ноябрь
Али,10,2015,ноябрь
Альберт,10,2015,ноябрь
Валерий,10,2015,ноябрь
Ибрагим,10,2015,ноябрь
Игнат,9,2015,ноябрь
Мартин,9,2015,ноябрь
Тигран,9,2015,ноябрь
Эмин,9,2015,ноябрь
Ян,9,2015,ноябрь
Виталий,8,2015,ноябрь
Эмир,8,2015,ноябрь
Эрик,8,2015,ноябрь
Арсен,7,2015,ноябрь
Ратмир,7,2015,ноябрь
Ростислав,7,2015,ноябрь
Саид,7,2015,ноябрь
Тамерлан,7,2015,ноябрь
Шамиль,7,2015,ноябрь
Александр,299,2015,декабрь
Артём,251,2015,декабрь
Михаил,249,2015,декабрь
Максим,248,2015,декабрь
Иван,209,2015,декабрь
Даниил,192,2015,декабрь
Дмитрий,181,2015,декабрь
Андрей,164,2015,декабрь
Егор,144,2015,декабрь
Кирилл,142,2015,декабрь
Алексей,124,2015,декабрь
Матвей,124,2015,декабрь
Илья,122,2015,декабрь
Никита,122,2015,декабрь
Тимофей,118,2015,декабрь
Владимир,113,2015,декабрь
Роман,112,2015,декабрь
Марк,107,2015,декабрь
Ярослав,106,2015,декабрь
Степан,94,2015,декабрь
Николай,89,2015,декабрь
Лев,83,2015,декабрь
Сергей,80,2015,декабрь
Константин,79,2015,декабрь
Фёдор,72,2015,декабрь
Тимур,69,2015,декабрь
Владислав,67,2015,декабрь
Григорий,64,2015,декабрь
Глеб,60,2015,декабрь
"Павел
",59,2015,декабрь
"Георгий
",56,2015,декабрь
"Арсений
",54,2015,декабрь
"Платон
",51,2015,декабрь
"Макар
",50,2015,декабрь
"Давид
",48,2015,декабрь
"Артемий
",43,2015,декабрь
"Денис
",43,2015,декабрь
"Евгений
",43,2015,декабрь
"Мирон
",43,2015,декабрь
"Богдан
",42,2015,декабрь
"Игорь
",39,2015,декабрь
"Семён
",39,2015,декабрь
"Данила
",38,2015,декабрь
"Руслан
",34,2015,декабрь
"Амир
",32,2015,декабрь
"Всеволод
",32,2015,декабрь
"Олег
",32,2015,декабрь
"Даниэль
",29,2015,декабрь
"Леонид
",29,2015,декабрь
"Василий
",27,2015,декабрь
"Пётр
",27,2015,декабрь
"Савелий
",27,2015,декабрь
"Юрий
",27,2015,декабрь
"Виктор
",26,2015,декабрь
"Захар
",26,2015,декабрь
"Борис
",24,2015,декабрь
"Демид
",24,2015,декабрь
"Антон
",23,2015,декабрь
"Вячеслав
",23,2015,декабрь
"Дамир
",23,2015,декабрь
"Роберт
",23,2015,декабрь
"Святослав
",23,2015,декабрь
"Елисей
",22,2015,декабрь
"Лука
",22,2015,декабрь
"Вадим
",21,2015,декабрь
"Умар
",21,2015,декабрь
"Артем
",20,2015,декабрь
"Тихон
",20,2015,декабрь
"Артур
",19,2015,декабрь
"Родион
",19,2015,декабрь
"Филипп
",19,2015,декабрь
"Мухаммад
",18,2015,декабрь
"Герман
",17,2015,декабрь
"Станислав
",17,2015,декабрь
"Мирослав
",16,2015,декабрь
"Савва
",15,2015,декабрь
"Демьян
",14,2015,декабрь
"Али
",13,2015,декабрь
"Марсель
",13,2015,декабрь
"Адам
",12,2015,декабрь
"Ислам
",12,2015,декабрь
"Леон
",12,2015,декабрь
"Эмиль
",12,2015,декабрь
"Гордей
",11,2015,декабрь
"Данил
",11,2015,декабрь
"Яков
",11,2015,декабрь
"Валерий
",10,2015,декабрь
"Марат
",10,2015,декабрь
"Серафим
",10,2015,декабрь
"Федор
",10,2015,декабрь
"Эмир
",10,2015,декабрь
"Алан
",9,2015,декабрь
"Алихан
",9,2015,декабрь
"Назар
",9,2015,декабрь
"Алинур
",8,2015,декабрь
"Аслан
",8,2015,декабрь
"Ибрагим
",8,2015,декабрь
"Ян
",8,2015,декабрь
"Анатолий
",7,2015,декабрь
"Арсен
",7,2015,декабрь
"Александр
",259,2016,январь
"Михаил
",234,2016,январь
"Максим
",214,2016,январь
"Артём
",209,2016,январь
"Иван
",203,2016,январь
"Даниил
",170,2016,январь
"Дмитрий
",155,2016,январь
"Илья
",127,2016,январь
"Тимофей
",127,2016,январь
"Андрей
",116,2016,январь
"Егор
",114,2016,январь
"Кирилл
",114,2016,январь
"Марк
",112,2016,январь
"Владимир
",106,2016,январь
"Алексей
",98,2016,январь
"Матвей
",92,2016,январь
"Никита
",87,2016,январь
"Роман
",84,2016,январь
"Николай
",73,2016,январь
"Сергей
",70,2016,январь
"Фёдор
",69,2016,январь
"Георгий
",67,2016,январь
"Константин
",67,2016,январь
"Ярослав
",67,2016,январь
"Степан
",65,2016,январь
"Лев
",64,2016,январь
"Владислав
",61,2016,январь
"Тимур
",57,2016,январь
"Глеб
",54,2016,январь
"Арсений
",53,2016,январь
"Павел
",53,2016,январь
"Платон
",49,2016,январь
"Семён
",47,2016,январь
"Денис
",44,2016,январь
"Евгений
",39,2016,январь
"Макар
",39,2016,январь
"Григорий
",38,2016,январь
"Виктор
",36,2016,январь
"Давид
",36,2016,январь
"Василий
",33,2016,январь
"Мирон
",32,2016,январь
"Богдан
",30,2016,январь
"Данила
",30,2016,январь
"Игорь
",30,2016,январь
"Антон
",29,2016,январь
"Амир
",29,2016,январь
"Леонид
",29,2016,январь
"Захар
",27,2016,январь
"Руслан
",26,2016,январь
"Артемий
",23,2016,январь
"Елисей
",23,2016,январь
"Олег
",23,2016,январь
"Артур
",22,2016,январь
"Юрий
",22,2016,январь
"Даниэль
",21,2016,январь
"Савелий
",21,2016,январь
"Вадим
",20,2016,январь
"Демид
",20,2016,январь
"Лука
",20,2016,январь
"Пётр
",20,2016,январь
"Умар
",20,2016,январь
"Всеволод
",19,2016,январь
"Филипп
",19,2016,январь
"Вячеслав
",18,2016,январь
"Адам
",16,2016,январь
"Герман
",16,2016,январь
"Родион
",16,2016,январь
"Дамир
",15,2016,январь
"Мухаммад
",15,2016,январь
"Роберт
",15,2016,январь
"Артем
",14,2016,январь
"Мирослав
",14,2016,январь
"Савва
",14,2016,январь
"Святослав
",13,2016,январь
"Серафим
",13,2016,январь
"Гордей
",12,2016,январь
"Данил
",12,2016,январь
"Борис
",11,2016,январь
"Тихон
",11,2016,январь
"Валерий
",10,2016,январь
"Эмиль
",10,2016,январь
"Ян
",10,2016,январь
"Али
",9,2016,январь
"Ибрагим
",9,2016,январь
"Станислав
",9,2016,январь
"Арсен
",8,2016,январь
"Билал
",8,2016,январь
"Ильяс
",8,2016,январь
"Имран
",8,2016,январь
"Марат
",8,2016,январь
"Айдар
",7,2016,январь
"Алихан
",7,2016,январь
"Назар
",7,2016,январь
"Яков
",7,2016,январь
"Анатолий
",6,2016,январь
"Данияр
",6,2016,январь
"Саид
",6,2016,январь
"Самир
",6,2016,январь
"Стефан
",6,2016,январь
"Тигран
",6,2016,январь
"Александр
",273,2016,февраль
"Михаил
",253,2016,февраль
"Максим
",235,2016,февраль
"Артём
",229,2016,февраль
"Иван
",208,2016,февраль
"Дмитрий
",176,2016,февраль
"Даниил
",158,2016,февраль
"Кирилл
",143,2016,февраль
"Андрей
",132,2016,февраль
"Марк
",125,2016,февраль
"Матвей
",123,2016,февраль
Тимофей,123,2016,февраль
"Илья
",112,2016,февраль
"Егор
",110,2016,февраль
"Ярослав
",110,2016,февраль
Владимир,109,2016,февраль
Алексей,106,2016,февраль
Роман,99,2016,февраль
Никита,98,2016,февраль
Фёдор,83,2016,февраль
Павел,80,2016,февраль
Лев,76,2016,февраль
Сергей,68,2016,февраль
Степан,68,2016,февраль
Константин,65,2016,февраль
Владислав,64,2016,февраль
Георгий,62,2016,февраль
Арсений,59,2016,февраль
Тимур,56,2016,февраль
Макар,52,2016,февраль
Николай,52,2016,февраль
Глеб,50,2016,февраль
Денис,49,2016,февраль
Евгений,45,2016,февраль
Григорий,44,2016,февраль
Платон,40,2016,февраль
Давид,39,2016,февраль
Семён,38,2016,февраль
Данила,34,2016,февраль
Мирон,34,2016,февраль
Виктор,33,2016,февраль
Пётр,32,2016,февраль
Антон,30,2016,февраль
Амир,29,2016,февраль
Артемий,29,2016,февраль
Василий,29,2016,февраль
Богдан,27,2016,февраль
Игорь,27,2016,февраль
Вадим,26,2016,февраль
Всеволод,26,2016,февраль
Руслан,26,2016,февраль
Савва,26,2016,февраль
Юрий,25,2016,февраль
Олег,23,2016,февраль
Савелий,23,2016,февраль
Артур,21,2016,февраль
Даниэль,21,2016,февраль
Демид,21,2016,февраль
Эмир,21,2016,февраль
Леонид,20,2016,февраль
Родион,20,2016,февраль
Святослав,19,2016,февраль
Захар,18,2016,февраль
Вячеслав,17,2016,февраль
Лука,17,2016,февраль
Тихон,17,2016,февраль
Умар,17,2016,февраль
Филипп,17,2016,февраль
Али,16,2016,февраль
Артем,16,2016,февраль
Роберт,16,2016,февраль
Елисей,15,2016,февраль
Серафим,15,2016,февраль
Ян,15,2016,февраль
Станислав,14,2016,февраль
Анатолий,13,2016,февраль
Адам,13,2016,февраль
Герман,13,2016,февраль
Мирослав,13,2016,февраль
Федор,13,2016,февраль
Мухаммад,12,2016,февраль
Борис,11,2016,февраль
Гордей,11,2016,февраль
Данил,11,2016,февраль
Алихан,10,2016,февраль
Алекс,9,2016,февраль
Дамир,9,2016,февраль
Валерий,8,2016,февраль
Игнат,8,2016,февраль
Марат,8,2016,февраль
Назар,8,2016,февраль
Ростислав,8,2016,февраль
Самир,8,2016,февраль
Эмиль,8,2016,февраль
Ибрагим,7,2016,февраль
Петр,7,2016,февраль
Арсен,6,2016,февраль
Билал,6,2016,февраль
Виталий,6,2016,февраль
Леон,6,2016,февраль
Максим,292,2016,март
Александр,279,2016,март
Михаил,250,2016,март
Артём,221,2016,март
Даниил,198,2016,март
Иван,195,2016,март
Дмитрий,182,2016,март
Кирилл,169,2016,март
Илья,155,2016,март
Алексей,145,2016,март
Егор,140,2016,март
Матвей,135,2016,март
Владимир,128,2016,март
"Тимофей
",128,2016,март
Андрей,126,2016,март
Никита,125,2016,март
Марк,116,2016,март
Роман,112,2016,март
Лев,99,2016,март
Фёдор,97,2016,март
Константин,89,2016,март
Ярослав,83,2016,март
Сергей,77,2016,март
Арсений,74,2016,март
Владислав,72,2016,март
Степан,72,2016,март
Павел,66,2016,март
Георгий,63,2016,март
Денис,61,2016,март
Макар,57,2016,март
Глеб,56,2016,март
Григорий,54,2016,март
Тимур,52,2016,март
Евгений,51,2016,март
Николай,51,2016,март
Семён,50,2016,март
Давид,45,2016,март
Руслан,41,2016,март
Артемий,40,2016,март
Платон,39,2016,март
Леонид,35,2016,март
Данила,34,2016,март
Мирон,34,2016,март
Юрий,34,2016,март
Антон,33,2016,март
Савелий,31,2016,март
Игорь,29,2016,март
Амир,28,2016,март
Василий,28,2016,март
Виктор,28,2016,март
Всеволод,28,2016,март
Пётр,26,2016,март
Адам,25,2016,март
Вячеслав,25,2016,март
Елисей,25,2016,март
Богдан,24,2016,март
Захар,24,2016,март
Даниэль,23,2016,март
Артур,20,2016,март
Дамир,20,2016,март
Олег,20,2016,март
Тихон,20,2016,март
Филипп,20,2016,март
Вадим,18,2016,март
Герман,18,2016,март
Святослав,18,2016,март
Станислав,17,2016,март
Борис,16,2016,март
Мирослав,16,2016,март
Федор,16,2016,март
Родион,15,2016,март
Умар,15,2016,март
Али,14,2016,март
Роберт,14,2016,март
Савва,14,2016,март
Эмиль,14,2016,март
Арсен,13,2016,март
Артем,13,2016,март
Валерий,13,2016,март
Демид,13,2016,март
Демьян,13,2016,март
Виталий,12,2016,март
Данил,11,2016,март
Лука,11,2016,март
Ибрагим,10,2016,март
Эмир,10,2016,март
Камиль,9,2016,март
Назар,9,2016,март
Ариет,8,2016,март
Мухаммад,8,2016,март
Ростислав,8,2016,март
Серафим,8,2016,март
Тамерлан,8,2016,март
Эдуард,8,2016,март
Эмин,8,2016,март
Алинур,7,2016,март
Ильяс,7,2016,март
Марсель,7,2016,март
Мустафа,7,2016,март
Рафаэль,7,2016,март
Александр,301,2016,апрель
Артём,266,2016,апрель
Максим,251,2016,апрель
Михаил,224,2016,апрель
Иван,218,2016,апрель
Дмитрий,198,2016,апрель
Даниил,181,2016,апрель
Егор,150,2016,апрель
Кирилл,148,2016,апрель
Никита,135,2016,апрель
Андрей,128,2016,апрель
Илья,113,2016,апрель
Тимофей,110,2016,апрель
Владимир,109,2016,апрель
Марк,108,2016,апрель
рослав,108,2016,апрель
Матвей,105,2016,апрель
Алексей,104,2016,апрель
Роман,95,2016,апрель
Лев,90,2016,апрель
Фёдор,86,2016,апрель
Степан,73,2016,апрель
Георгий,66,2016,апрель
Николай,66,2016,апрель
Сергей,66,2016,апрель
Тимур,59,2016,апрель
Владислав,57,2016,апрель
Константин,56,2016,апрель
Павел,56,2016,апрель
Давид,53,2016,апрель
Макар,53,2016,апрель
Григорий,52,2016,апрель
Денис,48,2016,апрель
Платон,48,2016,апрель
Арсений,47,2016,апрель
Глеб,46,2016,апрель
Семён,45,2016,апрель
Данила,40,2016,апрель
Артемий,37,2016,апрель
Мирон,35,2016,апрель
Евгений,33,2016,апрель
Пётр,32,2016,апрель
Василий,30,2016,апрель
Руслан,30,2016,апрель
Савелий,29,2016,апрель
Вадим,28,2016,апрель
Виктор,28,2016,апрель
Вячеслав,28,2016,апрель
Юрий,27,2016,апрель
Артур,26,2016,апрель
Даниэль,26,2016,апрель
Амир,25,2016,апрель
Богдан,25,2016,апрель
Борис,25,2016,апрель
Тихон,25,2016,апрель
Антон,24,2016,апрель
Али,24,2016,апрель
Игорь,23,2016,апрель
Леонид,23,2016,апрель
Святослав,23,2016,апрель
Захар,21,2016,апрель
Всеволод,19,2016,апрель
Олег,19,2016,апрель
Умар,18,2016,апрель
Роберт,17,2016,апрель
Артем,16,2016,апрель
Филипп,16,2016,апрель
Адам,14,2016,апрель
Герман,14,2016,апрель
Лука,14,2016,апрель
Мирослав,14,2016,апрель
Мухаммад,14,2016,апрель
Гордей,13,2016,апрель
Родион,13,2016,апрель
Савва,13,2016,апрель
Дамир,12,2016,апрель
Демид,12,2016,апрель
Елисей,12,2016,апрель
Станислав,12,2016,апрель
Демьян,11,2016,апрель
Ростислав,11,2016,апрель
Серафим,11,2016,апрель
Тигран,11,2016,апрель
Арсен,10,2016,апрель
Ибрагим,10,2016,апрель
Данил,9,2016,апрель
Марсель,9,2016,апрель
Эмиль,9,2016,апрель
Яромир,9,2016,апрель
Анатолий,8,2016,апрель
Билал,8,2016,апрель
Виталий,8,2016,апрель
Марат,8,2016,апрель
Федор,8,2016,апрель
Эрик,8,2016,апрель
Алихан,7,2016,апрель
Валерий,7,2016,апрель
Ратмир,7,2016,апрель
Эмир,7,2016,апрель
Ян,7,2016,апрель
Александр,289,2016,май
Максим,278,2016,май
Артём,254,2016,май
Иван,236,2016,май
Михаил,229,2016,май
Дмитрий,186,2016,май
Даниил,171,2016,май
Егор,152,2016,май
Кирилл,140,2016,май
Тимофей,126,2016,май
"Алексей
",125,2016,май
Андрей,123,2016,май
Никита,120,2016,май
Матвей,117,2016,май
Илья,110,2016,май
Марк,107,2016,май
Ярослав,105,2016,май
Владимир,102,2016,май
Роман,99,2016,май
Лев,98,2016,май
Георгий,93,2016,май
Константин,81,2016,май
Фёдор,79,2016,май
Степан,73,2016,май
Сергей,71,2016,май
Глеб,68,2016,май
Николай,68,2016,май
Владислав,62,2016,май
Арсений,61,2016,май
Тимур,61,2016,май
Григорий,54,2016,май
Павел,51,2016,май
Семён,46,2016,май
Давид,43,2016,май
Мирон,43,2016,май
Платон,43,2016,май
Руслан,43,2016,май
Артемий,42,2016,май
Макар,41,2016,май
Денис,39,2016,май
Виктор,37,2016,май
Евгений,35,2016,май
Юрий,35,2016,май
Василий,33,2016,май
Леонид,32,2016,май
Вячеслав,31,2016,май
Савелий,31,2016,май
Антон,30,2016,май
Данила,29,2016,май
Вадим,26,2016,май
Пётр,26,2016,май
Елисей,24,2016,май
Олег,24,2016,май
Адам,23,2016,май
Даниэль,23,2016,май
Демид,23,2016,май
Захар,23,2016,май
Игорь,23,2016,май
Тихон,22,2016,май
Святослав,21,2016,май
Али,20,2016,май
Амир,20,2016,май
Богдан,20,2016,май
Артур,19,2016,май
Мирослав,19,2016,май
Филипп,19,2016,май
Лука,17,2016,май
Артем,16,2016,май
Мухаммад,16,2016,май
Умар,16,2016,май
Ян,16,2016,май
Дамир,15,2016,май
Борис,14,2016,май
Всеволод,14,2016,май
Серафим,14,2016,май
Родион,13,2016,май
Савва,13,2016,май
Эмир,13,2016,май
Роберт,12,2016,май
Станислав,11,2016,май
Тамерлан,11,2016,май
Виталий,10,2016,май
Герман,10,2016,май
Ибрагим,10,2016,май
Рустам,10,2016,май
Валерий,9,2016,май
Гордей,9,2016,май
Демьян,9,2016,май
Ислам,9,2016,май
Мартин,9,2016,май
Эмиль,9,2016,май
Анатолий,8,2016,май
Магомед,8,2016,май
Аслан,7,2016,май
Данил,7,2016,май
Леон,7,2016,май
Марсель,7,2016,май
Сулейман,7,2016,май
Федор,7,2016,май
Яков,7,2016,май
Александр,333,2016,июнь
Максим,271,2016,июнь
Михаил,245,2016,июнь
Иван,239,2016,июнь
Артём,236,2016,июнь
Дмитрий,236,2016,июнь
Даниил,178,2016,июнь
Кирилл,170,2016,июнь
Егор,148,2016,июнь
Андрей,145,2016,июнь
"Матвей
",145,2016,июнь
"Никита
",131,2016,июнь
"Марк
",122,2016,июнь
"Алексей
",121,2016,июнь
"Тимофей
",117,2016,июнь
"Владимир
",114,2016,июнь
"Роман
",112,2016,июнь
"Ярослав
",112,2016,июнь
"Илья
",103,2016,июнь
"Сергей
",96,2016,июнь
"Константин
",93,2016,июнь
"Лев
",92,2016,июнь
"Николай
",88,2016,июнь
"Фёдор
",83,2016,июнь
"Павел
",81,2016,июнь
"Владислав
",80,2016,июнь
"Георгий
",74,2016,июнь
"Степан
",74,2016,июнь
"Глеб
",63,2016,июнь
"Тимур
",58,2016,июнь
"Артемий
",55,2016,июнь
"Денис
",54,2016,июнь
"Арсений
",53,2016,июнь
"Давид
",50,2016,июнь
"Виктор
",48,2016,июнь
"Платон
",48,2016,июнь
"Леонид
",47,2016,июнь
"Семён
",46,2016,июнь
"Игорь
",45,2016,июнь
"Макар
",45,2016,июнь
"Мирон
",44,2016,июнь
"Евгений
",42,2016,июнь
"Григорий
",40,2016,июнь
"Руслан
",36,2016,июнь
"Артем
",34,2016,июнь
"Данила
",33,2016,июнь
"Елисей
",32,2016,июнь
"Олег
",32,2016,июнь
"Амир
",30,2016,июнь
"Пётр
",30,2016,июнь
"Антон
",29,2016,июнь
"Василий
",29,2016,июнь
"Даниэль
",29,2016,июнь
"Роберт
",29,2016,июнь
"Артур
",28,2016,июнь
"Вадим
",28,2016,июнь
"Савелий
",28,2016,июнь
"Богдан
",27,2016,июнь
"Вячеслав
",27,2016,июнь
"Всеволод
",26,2016,июнь
"Герман
",25,2016,июнь
"Юрий
",24,2016,июнь
"Демид
",23,2016,июнь
"Захар
",21,2016,июнь
"Адам
",19,2016,июнь
"Святослав
",19,2016,июнь
"Али
",18,2016,июнь
"Дамир
",18,2016,июнь
"Лука
",18,2016,июнь
"Умар
",18,2016,июнь
"Мухаммад
",17,2016,июнь
"Борис
",16,2016,июнь
"Данил
",16,2016,июнь
"Гордей
",15,2016,июнь
"Тихон
",15,2016,июнь
"Савва
",14,2016,июнь
"Рамазан
",13,2016,июнь
"Эмиль
",13,2016,июнь
"Ян
",13,2016,июнь
"Федор
",12,2016,июнь
"Валерий
",11,2016,июнь
"Ислам
",11,2016,июнь
"Мирослав
",11,2016,июнь
"Филипп
",11,2016,июнь
"Станислав
",10,2016,июнь
"Алинур
",9,2016,июнь
"Арсен
",9,2016,июнь
"Серафим
",9,2016,июнь
"Анатолий
",8,2016,июнь
"Марсель
",8,2016,июнь
"Родион
",8,2016,июнь
"Эмир
",8,2016,июнь
"Амин
",7,2016,июнь
"Ибрагим
",7,2016,июнь
"Леон
",7,2016,июнь
"Алан
",6,2016,июнь
"Альберт
",6,2016,июнь
"Абубакр
",6,2016,июнь
"Ахмад
",6,2016,июнь
"Билал
",6,2016,июнь
Александр,266,2016,июль
Иван,257,2016,июль
Максим,255,2016,июль
Михаил,235,2016,июль
Артём,219,2016,июль
Дмитрий,196,2016,июль
Даниил,191,2016,июль
Андрей,180,2016,июль
Егор,142,2016,июль
Кирилл,139,2016,июль
"Никита
",139,2016,июль
"Илья
",131,2016,июль
"Марк
",128,2016,июль
"Роман
",125,2016,июль
"Матвей
",120,2016,июль
"Алексей
",117,2016,июль
"Павел
",113,2016,июль
"Владимир
",112,2016,июль
"Лев
",108,2016,июль
"Ярослав
",108,2016,июль
"Сергей
",107,2016,июль
"Тимофей
",103,2016,июль
"Степан
",88,2016,июль
"Фёдор
",88,2016,июль
"Константин
",84,2016,июль
"Владислав
",68,2016,июль
"Глеб
",68,2016,июль
"Георгий
",67,2016,июль
"Арсений
",64,2016,июль
"Николай
",63,2016,июль
"Давид
",62,2016,июль
"Артемий
",57,2016,июль
"Денис
",55,2016,июль
"Григорий
",54,2016,июль
"Мирон
",54,2016,июль
"Виктор
",47,2016,июль
"Тимур
",45,2016,июль
"Елисей
",43,2016,июль
"Данила
",41,2016,июль
"Леонид
",40,2016,июль
"Руслан
",40,2016,июль
"Макар
",39,2016,июль
"Пётр
",39,2016,июль
"Амир
",36,2016,июль
"Семён
",36,2016,июль
"Евгений
",35,2016,июль
"Платон
",35,2016,июль
"Вячеслав
",33,2016,июль
"Савелий
",32,2016,июль
"Юрий
",32,2016,июль
"Богдан
",30,2016,июль
"Антон
",28,2016,июль
"Герман
",28,2016,июль
"Василий
",26,2016,июль
"Игорь
",26,2016,июль
"Святослав
",26,2016,июль
"Всеволод
",24,2016,июль
"Демид
",24,2016,июль
"Даниэль
",23,2016,июль
"Артур
",22,2016,июль
"Вадим
",22,2016,июль
"Адам
",21,2016,июль
"Артем
",21,2016,июль
"Станислав
",21,2016,июль
"Захар
",20,2016,июль
"Тихон
",20,2016,июль
"Борис
",19,2016,июль
"Мухаммад
",19,2016,июль
"Олег
",19,2016,июль
"Гордей
",18,2016,июль
"Рамазан
",18,2016,июль
"Данил
",17,2016,июль
"Родион
",17,2016,июль
"Умар
",16,2016,июль
"Филипп
",16,2016,июль
"Дамир
",15,2016,июль
"Роберт
",15,2016,июль
"Федор
",15,2016,июль
"Али
",14,2016,июль
"Лука
",14,2016,июль
"Эмиль
",14,2016,июль
"Демьян
",13,2016,июль
"Ибрагим
",13,2016,июль
"Мирослав
",13,2016,июль
"Савва
",13,2016,июль
"Валерий
",12,2016,июль
"Марат
",12,2016,июль
"Петр
",12,2016,июль
"Серафим
",12,2016,июль
"Яков
",11,2016,июль
"Ян
",11,2016,июль
"Алан
",10,2016,июль
"Леон
",10,2016,июль
"Эмир
",10,2016,июль
"Анатолий
",9,2016,июль
"Имран
",9,2016,июль
"Самир
",9,2016,июль
"Алихан
",8,2016,июль
"Мартин
",8,2016,июль
"Тигран
",8,2016,июль
Александр,316,2016,август
Максим,294,2016,август
Артём,260,2016,август
Михаил,249,2016,август
Илья,245,2016,август
Иван,223,2016,август
Дмитрий,212,2016,август
Даниил,194,2016,август
Лев,176,2016,август
Андрей,156,2016,август
"Роман
",156,2016,август
"Матвей
",149,2016,август
"Кирилл
",146,2016,август
"Алексей
",132,2016,август
"Ярослав
",131,2016,август
"Егор
",127,2016,август
"Марк
",124,2016,август
"Владимир
",123,2016,август
"Тимофей
",123,2016,август
"Никита
",103,2016,август
"Фёдор
",97,2016,август
"Константин
",86,2016,август
"Сергей
",84,2016,август
"Степан
",76,2016,август
"Павел
",75,2016,август
"Владислав
",73,2016,август
"Тимур
",70,2016,август
"Денис
",63,2016,август
"Глеб
",62,2016,август
"Мирон
",62,2016,август
"Николай
",60,2016,август
"Леонид
",59,2016,август
"Семён
",59,2016,август
"Арсений
",58,2016,август
"Давид
",55,2016,август
"Руслан
",52,2016,август
"Артемий
",51,2016,август
"Георгий
",51,2016,август
"Евгений
",49,2016,август
"Макар
",49,2016,август
"Григорий
",45,2016,август
"Платон
",40,2016,август
"Даниэль
",36,2016,август
"Пётр
",35,2016,август
"Амир
",34,2016,август
"Василий
",33,2016,август
"Игорь
",33,2016,август
"Антон
",31,2016,август
"Данила
",30,2016,август
"Савелий
",29,2016,август
"Олег
",27,2016,август
"Умар
",27,2016,август
"Мирослав
",26,2016,август
"Богдан
",25,2016,август
"Виктор
",25,2016,август
"Елисей
",25,2016,август
"Юрий
",25,2016,август
"Лука
",24,2016,август
"Савва
",23,2016,август
"Святослав
",23,2016,август
"Адам
",21,2016,август
"Герман
",21,2016,август
"Захар
",21,2016,август
"Вадим
",20,2016,август
"Вячеслав
",20,2016,август
"Демид
",20,2016,август
"Али
",19,2016,август
"Серафим
",19,2016,август
"Роберт
",18,2016,август
"Артем
",17,2016,август
"Гордей
",17,2016,август
"Тихон
",17,2016,август
"Артур
",16,2016,август
"Всеволод
",16,2016,август
"Станислав
",15,2016,август
"Данил
",14,2016,август
"Мухаммад
",13,2016,август
"Эмин
",13,2016,август
"Борис
",12,2016,август
"Марсель
",12,2016,август
"Родион
",12,2016,август
"Эмиль
",12,2016,август
"Билал
",11,2016,август
"Дамир
",11,2016,август
"Анатолий
",10,2016,август
"Алихан
",10,2016,август
"Арсен
",10,2016,август
"Ильяс
",10,2016,август
"Леон
",10,2016,август
"Мансур
",10,2016,август
"Филипп
",10,2016,август
"Халид
",10,2016,август
"Юсуф
",10,2016,август
"Абубакр
",9,2016,август
"Даниял
",9,2016,август
"Демьян
",9,2016,август
"Ибрагим
",9,2016,август
"Самир
",9,2016,август
"Виталий
",8,2016,август
"Данис
",8,2016,август
Александр,252,2016,сентябрь
Максим,246,2016,сентябрь
Михаил,235,2016,сентябрь
Артём,228,2016,сентябрь
Иван,206,2016,сентябрь
Дмитрий,185,2016,сентябрь
Даниил,162,2016,сентябрь
Егор,140,2016,сентябрь
Андрей,135,2016,сентябрь
Алексей,124,2016,сентябрь
"Марк
",124,2016,сентябрь
"Илья
",123,2016,сентябрь
"Кирилл
",118,2016,сентябрь
"Тимофей
",118,2016,сентябрь
"Никита
",114,2016,сентябрь
"Роман
",113,2016,сентябрь
"Владимир
",100,2016,сентябрь
"Лев
",95,2016,сентябрь
"Матвей
",94,2016,сентябрь
"Фёдор
",79,2016,сентябрь
"Ярослав
",77,2016,сентябрь
"Константин
",76,2016,сентябрь
"Арсений
",70,2016,сентябрь
"Степан
",69,2016,сентябрь
"Глеб
",64,2016,сентябрь
"Денис
",63,2016,сентябрь
"Павел
",61,2016,сентябрь
"Сергей
",61,2016,сентябрь
"Владислав
",60,2016,сентябрь
"Тимур
",58,2016,сентябрь
"Георгий
",53,2016,сентябрь
"Семён
",53,2016,сентябрь
"Макар
",51,2016,сентябрь
"Мирон
",49,2016,сентябрь
"Давид
",45,2016,сентябрь
"Виктор
",44,2016,сентябрь
"Николай
",41,2016,сентябрь
"Григорий
",39,2016,сентябрь
"Данила
",37,2016,сентябрь
"Платон
",37,2016,сентябрь
"Леонид
",36,2016,сентябрь
"Василий
",34,2016,сентябрь
"Евгений
",33,2016,сентябрь
"Юрий
",31,2016,сентябрь
"Амир
",30,2016,сентябрь
"Артемий
",30,2016,сентябрь
"Олег
",30,2016,сентябрь
"Роберт
",29,2016,сентябрь
"Святослав
",29,2016,сентябрь
"Руслан
",27,2016,сентябрь
"Богдан
",25,2016,сентябрь
"Игорь
",25,2016,сентябрь
"Артем
",23,2016,сентябрь
"Захар
",23,2016,сентябрь
"Лука
",23,2016,сентябрь
"Пётр
",23,2016,сентябрь
"Артур
",22,2016,сентябрь
"Вадим
",22,2016,сентябрь
"Мирослав
",22,2016,сентябрь
"Савелий
",22,2016,сентябрь
"Даниэль
",21,2016,сентябрь
"Филипп
",21,2016,сентябрь
"Демид
",20,2016,сентябрь
"Вячеслав
",19,2016,сентябрь
"Елисей
",19,2016,сентябрь
"Адам
",18,2016,сентябрь
"Гордей
",17,2016,сентябрь
"Мухаммад
",17,2016,сентябрь
"Умар
",17,2016,сентябрь
"Али
",16,2016,сентябрь
"Антон
",15,2016,сентябрь
"Борис
",15,2016,сентябрь
"Данил
",15,2016,сентябрь
"Тихон
",15,2016,сентябрь
"Юсуф
",15,2016,сентябрь
"Арсен
",14,2016,сентябрь
"Всеволод
",14,2016,сентябрь
"Дамир
",14,2016,сентябрь
"Ибрагим
",14,2016,сентябрь
"Герман
",13,2016,сентябрь
"Эмин
",13,2016,сентябрь
"Анатолий
",12,2016,сентябрь
"Алинур
",11,2016,сентябрь
"Савва
",11,2016,сентябрь
"Серафим
",11,2016,сентябрь
"Эмир
",10,2016,сентябрь
"Алекс
",9,2016,сентябрь
"Ариет
",9,2016,сентябрь
"Родион
",9,2016,сентябрь
"Станислав
",9,2016,сентябрь
"Данияр
",8,2016,сентябрь
"Ислам
",8,2016,сентябрь
"Марсель
",8,2016,сентябрь
"Самир
",8,2016,сентябрь
"Эмиль
",8,2016,сентябрь
"Эрик
",8,2016,сентябрь
"Яков
",8,2016,сентябрь
"Арслан
",7,2016,сентябрь
"Петр
",7,2016,сентябрь
"Тигран
",7,2016,сентябрь
Максим,286,2016,октябрь
Александр,263,2016,октябрь
Михаил,231,2016,октябрь
Артём,217,2016,октябрь
Иван,216,2016,октябрь
Дмитрий,196,2016,октябрь
Даниил,170,2016,октябрь
Матвей,148,2016,октябрь
Андрей,146,2016,октябрь
Егор,131,2016,октябрь
"Роман
",124,2016,октябрь
"Никита
",121,2016,октябрь
"Марк
",118,2016,октябрь
"Кирилл
",113,2016,октябрь
"Алексей
",112,2016,октябрь
"Тимофей
",112,2016,октябрь
"Владимир
",104,2016,октябрь
"Илья
",104,2016,октябрь
"Лев
",103,2016,октябрь
"Ярослав
",100,2016,октябрь
"Степан
",96,2016,октябрь
"Фёдор
",96,2016,октябрь
"Сергей
",94,2016,октябрь
"Константин
",77,2016,октябрь
"Николай
",64,2016,октябрь
"Владислав
",62,2016,октябрь
"Глеб
",62,2016,октябрь
"Тимур
",62,2016,октябрь
"Георгий
",57,2016,октябрь
"Арсений
",52,2016,октябрь
"Евгений
",52,2016,октябрь
"Давид
",51,2016,октябрь
"Мирон
",47,2016,октябрь
"Артемий
",46,2016,октябрь
"Семён
",46,2016,октябрь
"Денис
",43,2016,октябрь
"Павел
",43,2016,октябрь
"Григорий
",41,2016,октябрь
"Амир
",37,2016,октябрь
"Игорь
",35,2016,октябрь
"Олег
",35,2016,октябрь
"Данила
",34,2016,октябрь
"Макар
",34,2016,октябрь
"Платон
",33,2016,октябрь
"Виктор
",31,2016,октябрь
"Леонид
",31,2016,октябрь
"Пётр
",31,2016,октябрь
"Руслан
",30,2016,октябрь
"Савелий
",29,2016,октябрь
"Василий
",27,2016,октябрь
"Даниэль
",27,2016,октябрь
"Антон
",25,2016,октябрь
"Артур
",25,2016,октябрь
"Артем
",23,2016,октябрь
"Вячеслав
",23,2016,октябрь
"Елисей
",23,2016,октябрь
"Юрий
",23,2016,октябрь
"Демид
",22,2016,октябрь
"Лука
",22,2016,октябрь
"Мирослав
",22,2016,октябрь
"Умар
",22,2016,октябрь
"Вадим
",21,2016,октябрь
"Тихон
",20,2016,октябрь
"Адам
",18,2016,октябрь
"Борис
",18,2016,октябрь
"Богдан
",17,2016,октябрь
"Святослав
",17,2016,октябрь
"Захар
",16,2016,октябрь
"Ибрагим
",16,2016,октябрь
"Роберт
",16,2016,октябрь
"Родион
",16,2016,октябрь
"Дамир
",15,2016,октябрь
"Мухаммад
",15,2016,октябрь
"Всеволод
",14,2016,октябрь
"Демьян
",14,2016,октябрь
"Ян
",14,2016,октябрь
"Али
",13,2016,октябрь
"Эмиль
",13,2016,октябрь
"Арсен
",12,2016,октябрь
"Гордей
",12,2016,октябрь
"Федор
",12,2016,октябрь
"Петр
",11,2016,октябрь
"Серафим
",11,2016,октябрь
"Эмир
",11,2016,октябрь
"Станислав
",10,2016,октябрь
"Филипп
",10,2016,октябрь
"Яков
",10,2016,октябрь
"Анатолий
",9,2016,октябрь
"Виталий
",9,2016,октябрь
"Герман
",9,2016,октябрь
"Имран
",9,2016,октябрь
"Савва
",9,2016,октябрь
"Данил
",8,2016,октябрь
"Клим
",8,2016,октябрь
"Мурад
",8,2016,октябрь
"Оскар
",8,2016,октябрь
"Юсуф
",8,2016,октябрь
"Алинур
",7,2016,октябрь
"Алихан
",7,2016,октябрь
"Аркадий
",7,2016,октябрь
Михаил,265,2016,ноябрь
Максим,258,2016,ноябрь
Александр,250,2016,ноябрь
Артём, Артем,282201011,2016
Дмитрий,205,2016,ноябрь
Иван,188,2016,ноябрь
Даниил, Данил,187,282203808
Андрей,146,2016,ноябрь
Егор,130,2016,ноябрь
Матвей,124,2016,ноябрь
"Илья
",120,2016,ноябрь
"Алексей
",118,2016,ноябрь
"Никита
",118,2016,ноябрь
"Роман
",118,2016,ноябрь
"Фёдор, Федор
",118,2016,ноябрь
"Владимир
",115,2016,ноябрь
"Кирилл
",114,2016,ноябрь
"Тимофей
",105,2016,ноябрь
"Марк
",101,2016,ноябрь
"Ярослав
",92,2016,ноябрь
"Константин
",79,2016,ноябрь
"Степан
",78,2016,ноябрь
"Лев
",73,2016,ноябрь
"Николай
",64,2016,ноябрь
"Григорий
",62,2016,ноябрь
"Сергей
",61,2016,ноябрь
"Владислав
",59,2016,ноябрь
"Арсений
",57,2016,ноябрь
"Георгий
",56,2016,ноябрь
"Павел
",54,2016,ноябрь
"Давид
",49,2016,ноябрь
"Артемий
",47,2016,ноябрь
"Макар
",47,2016,ноябрь
"Тимур
",47,2016,ноябрь
"Денис
",46,2016,ноябрь
"Глеб
",42,2016,ноябрь
"Евгений
",42,2016,ноябрь
"Виктор
",41,2016,ноябрь
"Семён, Семен
",37,2016,ноябрь
"Леонид
",37,2016,ноябрь
"Василий
",36,2016,ноябрь
"Вячеслав
",33,2016,ноябрь
"Богдан
",32,2016,ноябрь
"Руслан
",32,2016,ноябрь
"Платон
",32,2016,ноябрь
"Мирон
",31,2016,ноябрь
"Умар
",31,2016,ноябрь
"Данила
",30,2016,ноябрь
"Демид
",28,2016,ноябрь
"Юрий
",28,2016,ноябрь
"Тихон
",26,2016,ноябрь
"Олег
",26,2016,ноябрь
"Пётр, Петр
",25,2016,ноябрь
"Антон

",24,2016,ноябрь
"Амир
",23,2016,ноябрь
"Елисей
",23,2016,ноябрь
"Лука
",23,2016,ноябрь
"Савелий
",23,2016,ноябрь
"Захар
",22,2016,ноябрь
"Даниэль
",22,2016,ноябрь
"Филипп
",22,2016,ноябрь
"Вадим
",21,2016,ноябрь
"Адам
",21,2016,ноябрь
"Всеволод
",20,2016,ноябрь
"Игорь
",20,2016,ноябрь
"Артур
",19,2016,ноябрь
"Борис
",19,2016,ноябрь
"Герман
",18,2016,ноябрь
"Гордей
",17,2016,ноябрь
"Мухаммад
",17,2016,ноябрь
"Роберт
",17,2016,ноябрь
"Дамир
",16,2016,ноябрь
"Валерий
",14,2016,ноябрь
Данил,13,2016,ноябрь
Али,13,2016,ноябрь
"Родион
",13,2016,ноябрь
"Святослав
",13,2016,ноябрь
"Эрик
",13,2016,ноябрь
"Серафим
",12,2016,ноябрь
"Саид
",12,2016,ноябрь
"Ян
",11,2016,ноябрь
"Станислав
",10,2016,ноябрь
"Марат
",10,2016,ноябрь
"Карим
",10,2016,ноябрь
"Ростислав
",9,2016,ноябрь
"Эмиль
",9,2016,ноябрь
"Савва
",8,2016,ноябрь
"Мирослав
",8,2016,ноябрь
"Ислам
",8,2016,ноябрь
"Игнат
",8,2016,ноябрь
"Демьян
",8,2016,ноябрь
"Ибрагим
",8,2016,ноябрь
"Виталий
",8,2016,ноябрь
"Арсен
",8,2016,ноябрь
"Анатолий
",7,2016,ноябрь
"Марсель
",7,2016,ноябрь
"Рустам
",7,2016,ноябрь
"Тигран
",7,2016,ноябрь
"Стефан
",7,2016,ноябрь
"Эмин
",7,2016,ноябрь
Александр,285,2016,декабрь
Михаил,263,2016,декабрь
Максим,251,2016,декабрь
Артём,224,2016,декабрь
Дмитрий,191,2016,декабрь
Даниил,180,2016,декабрь
Егор,175,2016,декабрь
Иван,172,2016,декабрь
Андрей,144,2016,декабрь
Кирилл,132,2016,декабрь
"Матвей
",131,2016,декабрь
"Марк
",125,2016,декабрь
"Роман
",124,2016,декабрь
"Никита
",116,2016,декабрь
"Тимофей
",108,2016,декабрь
Алексей,107,2016,декабрь
"Илья
",102,2016,декабрь
"Ярослав
",101,2016,декабрь
"Владимир
",96,2016,декабрь
"Фёдор
",89,2016,декабрь
"Константин
",85,2016,декабрь
"Николай
",73,2016,декабрь
"Лев
",70,2016,декабрь
"Владислав
",63,2016,декабрь
Платон,60,2016,декабрь
"Сергей
",60,2016,декабрь
"Степан
",59,2016,декабрь
"Арсений
",56,2016,декабрь
"Павел
",55,2016,декабрь
"Давид
",54,2016,декабрь
"Тимур
",53,2016,декабрь
"Георгий
",52,2016,декабрь
"Денис
",52,2016,декабрь
"Евгений
",51,2016,декабрь
"Глеб
",48,2016,декабрь
"Григорий
",48,2016,декабрь
"Мирон
",44,2016,декабрь
"Макар
",42,2016,декабрь
"Семён
",42,2016,декабрь
"Данила
",42,2016,декабрь
"Руслан
",41,2016,декабрь
"Артемий
",36,2016,декабрь
"Пётр
",35,2016,декабрь
"Демид
",34,2016,декабрь
"Леонид
",31,2016,декабрь
"Василий
",30,2016,декабрь
"Амир
",29,2016,декабрь
"Антон
",28,2016,декабрь
"Савелий
",28,2016,декабрь
"Богдан
",27,2016,декабрь
"Олег
",26,2016,декабрь
"Виктор
",24,2016,декабрь
"Вячеслав
",24,2016,декабрь
"Умар
",23,2016,декабрь
"Лука
",21,2016,декабрь
"Даниэль
",21,2016,декабрь
"Адам
",20,2016,декабрь
"Игорь
",19,2016,декабрь
"Захар
",19,2016,декабрь
"Юрий
",19,2016,декабрь
"Савва
",18,2016,декабрь
"Роберт
",18,2016,декабрь
"Елисей
",18,2016,декабрь
"Всеволод
",17,2016,декабрь
"Святослав
",17,2016,декабрь
"Тихон
",17,2016,декабрь
"Мухаммад
",17,2016,декабрь
"Филипп
",17,2016,декабрь
"Артур
",15,2016,декабрь
"Али
",15,2016,декабрь
"Борис
",15,2016,декабрь
"Гордей
",14,2016,декабрь
"Марсель
",13,2016,декабрь
"Вадим
",12,2016,декабрь
"Дамир
",12,2016,декабрь
"Данил
",11,2016,декабрь
"Валерий
",10,2016,декабрь
"Алинур
",10,2016,декабрь
Мирослав,10,2016,декабрь
"Ян
",10,2016,декабрь
"Станислав
",9,2016,декабрь
"Тигран
",9,2016,декабрь
"Нурислам
",9,2016,декабрь
"Назар
",9,2016,декабрь
"Ильяс
",9,2016,декабрь
"Алихан
",9,2016,декабрь
"Билал
",9,2016,декабрь
"Виталий
",8,2016,декабрь
"Герман
",8,2016,декабрь
"Леон
",8,2016,декабрь
"Эмир
",8,2016,декабрь
"Яромир
",7,2016,декабрь
"Имран
",7,2016,декабрь
"Исмаил
",7,2016,декабрь
"Рафаэль
",7,2016,декабрь
"Саид
",7,2016,декабрь
"Самир
",7,2016,декабрь
"Амирхан
",7,2016,декабрь
"Анатолий
",7,2016,декабрь
"Алан
",7,2016,декабрь
"Александр
",253,2017,январь
"Михаил
",221,2017,январь
"Артём
",205,2017,январь
"Максим
",190,2017,январь
"Даниил, Данила, Данил
",189,2017,январь
"Иван
",163,2017,январь
"Дмитрий
",140,2017,январь
"Илья
",129,2017,январь
"Егор
",119,2017,январь
"Кирилл
",119,2017,январь
"Тимофей
",116,2017,январь
"Роман
",114,2017,январь
"Никита
",103,2017,январь
"Андрей
",100,2017,январь
"Фёдор
",97,2017,январь
"Матвей
",96,2017,январь
"Марк
",95,2017,январь
"Владимир
",92,2017,январь
"Лев
",87,2017,январь
"Ярослав
",87,2017,январь
"Алексей
",85,2017,январь
"Константин
",73,2017,январь
"Николай

",67,2017,январь
"Степан
",64,2017,январь
"Владислав
",61,2017,январь
"Тимур
",60,2017,январь
"Арсений
",56,2017,январь
"Сергей
",56,2017,январь
"Георгий
",55,2017,январь
"Евгений
",47,2017,январь
"Павел
",46,2017,январь
"Макар
",45,2017,январь
"Давид
",39,2017,январь
"Глеб
",37,2017,январь
"Григорий
",37,2017,январь
"Платон
",36,2017,январь
"Артемий
",35,2017,январь
"Амир
",34,2017,январь
"Денис
",33,2017,январь
"Леонид
",33,2017,январь
"Семён
",31,2017,январь
"Руслан
",30,2017,январь
"Пётр
",30,2017,январь
"Игорь
",28,2017,январь
"Богдан
",28,2017,январь
"Василий
",26,2017,январь
"Мирон
",25,2017,январь
"Умар
",24,2017,январь
"Олег
",24,2017,январь
"Виктор
",24,2017,январь
"Адам
",23,2017,январь
"Али
",23,2017,январь
"Святослав
",22,2017,январь
"Вячеслав
",21,2017,январь
"Вадим
",20,2017,январь
"Савелий
",20,2017,январь
"Демид
",19,2017,январь
"Юрий
",19,2017,январь
"Мухаммад
",19,2017,январь
"Даниэль
",18,2017,январь
"Всеволод
",18,2017,январь
"Дамир
",18,2017,январь
"Герман
",17,2017,январь
"Лука
",17,2017,январь
"Роберт
",17,2017,январь
"Антон
",17,2017,январь
"Захар
",17,2017,январь
"Артур
",16,2017,январь
"Станислав
",16,2017,январь
"Елисей
",15,2017,январь
"Мирослав
",15,2017,январь
"Савва
",13,2017,январь
"Яков
",13,2017,январь
"Борис
",13,2017,январь
"Ян
",12,2017,январь
"Эмиль
",11,2017,январь
"Тихон

",10,2017,январь
"Эмир
",10,2017,январь
"Муслим
",10,2017,январь
"Филипп
",10,2017,январь
"Альберт
",9,2017,январь
"Юсуф
",9,2017,январь
"Гордей
",8,2017,январь
"Алим
",8,2017,январь
"Валерий
",8,2017,январь
"Марат
",7,2017,январь
"Арсен
",7,2017,январь
"Самир
",7,2017,январь
"Марсель
",7,2017,январь
"Эмин
",7,2017,январь
"Тамерлан
",7,2017,январь
"Родион
",7,2017,январь
"Ибрагим
",7,2017,январь
"Назар
",7,2017,январь
"Саид
",6,2017,январь
"Серафим
",6,2017,январь
"Билал
",6,2017,январь
"Рустам
",6,2017,январь
"Расул
",6,2017,январь
"Алинур
",6,2017,январь
Максим,224,2017,февраль
Артём,220,2017,февраль
Александр,215,2017,февраль
Михаил,210,2017,февраль
Иван,208,2017,февраль
Даниил, Данила,169,323600517
Дмитрий,150,2017,февраль
Андрей,123,2017,февраль
Матвей,120,2017,февраль
Кирилл,118,2017,февраль
Тимофей,118,2017,февраль
Егор,116,2017,февраль
Марк,108,2017,февраль
Илья,96,2017,февраль
Владимир,93,2017,февраль
Фёдор,92,2017,февраль
Алексей,90,2017,февраль
Роман,82,2017,февраль
Никита,80,2017,февраль
Константин,77,2017,февраль
Ярослав,76,2017,февраль
Лев,68,2017,февраль
Сергей,68,2017,февраль
Степан,63,2017,февраль
Арсений,61,2017,февраль
Владислав,52,2017,февраль
Павел,52,2017,февраль
Георгий,50,2017,февраль
Макар,46,2017,февраль
Тимур,44,2017,февраль
Давид,44,2017,февраль
Николай,43,2017,февраль
Мирон,41,2017,февраль
Григорий,41,2017,февраль
Денис,40,2017,февраль
Семён,40,2017,февраль
Пётр,38,2017,февраль
Глеб,34,2017,февраль
Артемий,34,2017,февраль
Евгений,33,2017,февраль
Леонид,32,2017,февраль
Виктор,31,2017,февраль
Руслан,29,2017,февраль
Богдан,28,2017,февраль
Игорь,28,2017,февраль
Даниэль,26,2017,февраль
Всеволод,25,2017,февраль
Платон,25,2017,февраль
Демид,24,2017,февраль
Антон,23,2017,февраль
Юрий,23,2017,февраль
Амир,22,2017,февраль
Адам,22,2017,февраль
Василий,21,2017,февраль
Артур,19,2017,февраль
Роберт,19,2017,февраль
Умар,19,2017,февраль
Лука,19,2017,февраль
Елисей,17,2017,февраль
Захар,16,2017,февраль
Вячеслав,16,2017,февраль
Станислав,16,2017,февраль
Савва,16,2017,февраль
Савелий,16,2017,февраль
Святослав,14,2017,февраль
Родион,14,2017,февраль
Мирослав,14,2017,февраль
Герман,14,2017,февраль
Дамир,14,2017,февраль
Мухаммад,13,2017,февраль
Филипп,13,2017,февраль
Олег,12,2017,февраль
Борис,12,2017,февраль
Эмир,12,2017,февраль
Гордей,11,2017,февраль
Али,11,2017,февраль
Вадим,10,2017,февраль
Валерий,10,2017,февраль
Мухаммед,10,2017,февраль
Саид,8,2017,февраль
Серафим,8,2017,февраль
Ян,8,2017,февраль
Эмиль,7,2017,февраль
Эмин,7,2017,февраль
Самир,7,2017,февраль
Тигран,7,2017,февраль
Тихон,7,2017,февраль
Леон,7,2017,февраль
Марсель,7,2017,февраль
Алихан,7,2017,февраль
Аким,7,2017,февраль
Алинур,6,2017,февраль
Ислам,6,2017,февраль
Марат,6,2017,февраль
Эрик,6,2017,февраль
Яков,5,2017,февраль
Нурислам,5,2017,февраль
Микаил,5,2017,февраль
Даян,5,2017,февраль
Исмаил,5,2017,февраль
"Александр
",296,2017,март
"Даниил, Данила, Данил
",268,2017,март
"Михаил
",227,2017,март
"Иван
",220,2017,март
"Артём
",207,2017,март
"Максим
",193,2017,март
"Дмитрий
",171,2017,март
"Алексей
",131,2017,март
"Тимофей
",129,2017,март
"Кирилл
",128,2017,март
"Лев
",118,2017,март
"Матвей
",118,2017,март
"Егор
",107,2017,март
"Роман
",105,2017,март
"Илья
",104,2017,март
"Фёдор
",104,2017,март
"Марк
",102,2017,март
"Андрей
",101,2017,март
"Константин
",95,2017,март
"Владимир
",93,2017,март
"Никита
",88,2017,март
"Ярослав
",83,2017,март
"Сергей
",75,2017,март
"Степан
",66,2017,март
"Георгий
",62,2017,март
"Павел
",56,2017,март
"Глеб
",55,2017,март
"Давид
",53,2017,март
"Мирон
",53,2017,март
"Николай
",51,2017,март
"Арсений
",50,2017,март
"Григорий
",49,2017,март
"Тимур
",49,2017,март
"Макар
",47,2017,март
"Владислав
",45,2017,март
"Семён
",43,2017,март
"Евгений
",40,2017,март
"Богдан
",40,2017,март
"Пётр
",38,2017,март
"Денис
",36,2017,март
"Артемий
",35,2017,март
"Виктор
",34,2017,март
"Руслан
",33,2017,март
"Платон
",32,2017,март
"Амир
",32,2017,март
"Василий
",31,2017,март
"Даниэль
",30,2017,март
"Лука
",29,2017,март
"Юрий
",29,2017,март
"Леонид
",27,2017,март
"Артур
",25,2017,март
"Демид
",24,2017,март
"Захар
",24,2017,март
"Савелий
",24,2017,март
"Всеволод
",23,2017,март
"Антон
",23,2017,март
"Вячеслав
",22,2017,март
"Умар
",22,2017,март
"Мирослав
",21,2017,март
"Игорь
",20,2017,март
"Олег
",19,2017,март
"Тихон
",17,2017,март
"Роберт
",17,2017,март
"Адам
",17,2017,март
"Борис
",16,2017,март
"Святослав
",16,2017,март
"Станислав
",15,2017,март
"Мухаммад
",15,2017,март
"Елисей
",15,2017,март
"Вадим
",14,2017,март
"Леон
",14,2017,март
"Герман
",13,2017,март
"Гордей
",12,2017,март
"Али
",12,2017,март
"Савва
",11,2017,март
"Дамир
",11,2017,март
"Ян
",11,2017,март
"Эмир
",11,2017,март
"Алан
",10,2017,март
"Марсель
",10,2017,март
"Микаэль
",9,2017,март
"Нурислам
",9,2017,март
"Серафим
",9,2017,март
"Алинур
",9,2017,март
"Алихан
",8,2017,март
"Ефим
",8,2017,март
"Родион
",8,2017,март
"Самир
",8,2017,март
"Муслим
",8,2017,март
"Филипп
",8,2017,март
"Шамиль
",7,2017,март
"Эрик
",7,2017,март
"Яков
",7,2017,март
"Мартин
",7,2017,март
"Марат
",7,2017,март
"Камиль
",7,2017,март
"Ростислав
",7,2017,март
"Сулейман
",7,2017,март
"Имран
",7,2017,март
"Альберт
",7,2017,март
Александр,245,2017,апрель
Михаил,211,2017,апрель
Даниил, Данила,202,423004404
Артём,197,2017,апрель
Максим,188,2017,апрель
Иван,174,2017,апрель
Дмитрий,149,2017,апрель
Марк,125,2017,апрель
Кирилл,122,2017,апрель
Егор,119,2017,апрель
Никита,115,2017,апрель
Матвей,114,2017,апрель
Алексей,113,2017,апрель
Тимофей,101,2017,апрель
Владимир,95,2017,апрель
Илья,94,2017,апрель
Фёдор,94,2017,апрель
Андрей,82,2017,апрель
Ярослав,82,2017,апрель
Роман,79,2017,апрель
Лев,78,2017,апрель
Константин,75,2017,апрель
Степан,71,2017,апрель
Сергей,62,2017,апрель
Владислав,62,2017,апрель
Арсений,57,2017,апрель
Николай,56,2017,апрель
Павел,54,2017,апрель
Григорий,54,2017,апрель
Георгий,53,2017,апрель
Глеб,46,2017,апрель
Тимур,45,2017,апрель
Платон,44,2017,апрель
Макар,40,2017,апрель
Евгений,38,2017,апрель
Мирон,36,2017,апрель
Давид,36,2017,апрель
Денис,35,2017,апрель
Василий,34,2017,апрель
Леонид,34,2017,апрель
Семён,32,2017,апрель
Виктор,32,2017,апрель
Игорь,31,2017,апрель
Пётр,30,2017,апрель
Амир,29,2017,апрель
Богдан,28,2017,апрель
Руслан,27,2017,апрель
Юрий,27,2017,апрель
Савелий,26,2017,апрель
Захар,26,2017,апрель
Вячеслав,24,2017,апрель
Артемий,24,2017,апрель
Олег,22,2017,апрель
"Святослав
",21,2017,апрель
"Артур
",20,2017,апрель
"Антон
",19,2017,апрель
"Елисей
",19,2017,апрель
"Роберт
",19,2017,апрель
"Умар
",19,2017,апрель
"Савва
",18,2017,апрель
"Всеволод
",18,2017,апрель
"Демид
",18,2017,апрель
"Адам
",17,2017,апрель
"Дамир
",17,2017,апрель
"Мухаммад
",17,2017,апрель
"Лука
",16,2017,апрель
"Али
",16,2017,апрель
"Вадим
",15,2017,апрель
"Даниэль
",15,2017,апрель
"Герман
",14,2017,апрель
"Тихон
",14,2017,апрель
"Гордей
",12,2017,апрель
"Ян
",12,2017,апрель
"Филипп
",11,2017,апрель
"Родион
",11,2017,апрель
"Клим
",10,2017,апрель
"Ислам
",9,2017,апрель
"Алихан
",9,2017,апрель
"Станислав
",9,2017,апрель
"Эмиль
",9,2017,апрель
"Эмир
",9,2017,апрель
"Алинур
",8,2017,апрель
"Валерий
",8,2017,апрель
"Аркадий
",7,2017,апрель
"Имран
",7,2017,апрель
"Карим
",7,2017,апрель
"Эрик
",7,2017,апрель
"Ростислав
",7,2017,апрель
"Рафаэль
",7,2017,апрель
"Леон
",7,2017,апрель
"Марсель
",7,2017,апрель
"Назар
",7,2017,апрель
"Муслим
",7,2017,апрель
"Мартин
",6,2017,апрель
"Усман
",6,2017,апрель
"Исмаил
",6,2017,апрель
"Идрис
",6,2017,апрель
"Гавриил
",6,2017,апрель
"Билал
",6,2017,апрель
"Ахмад
",6,2017,апрель
"Александр
",264,2017,май
"Максим
",239,2017,май
"Артём
",236,2017,май
"Михаил
",207,2017,май
"Даниил, Данила, Данил
",196,2017,май
"Иван
",191,2017,май
"Дмитрий
",172,2017,май
"Кирилл
",144,2017,май
"Андрей
",140,2017,май
"Никита
",123,2017,май
"Тимофей
",123,2017,май
"Матвей
",122,2017,май
"Марк
",119,2017,май
"Егор
",118,2017,май
"Лев
",100,2017,май
"Роман
",97,2017,май
"Ярослав
",96,2017,май
"Алексей
",93,2017,май
"Фёдор
",91,2017,май
"Владимир
",88,2017,май
"Илья
",87,2017,май
"Георгий
",86,2017,май
"Николай
",80,2017,май
"Константин
",78,2017,май
"Сергей
",72,2017,май
"Тимур
",65,2017,май
"Степан
",63,2017,май
"Владислав
",57,2017,май
"Глеб
",54,2017,май
"Арсений
",53,2017,май
"Григорий
",52,2017,май
"Платон
",52,2017,май
"Денис
",51,2017,май
"Виктор
",50,2017,май
"Давид
",48,2017,май
"Макар
",48,2017,май
"Пётр
",45,2017,май
"Мирон
",40,2017,май
"Павел
",38,2017,май
"Артемий
",38,2017,май
"Леонид
",33,2017,май
"Демид
",31,2017,май
"Богдан
",31,2017,май
"Игорь
",30,2017,май
"Василий
",28,2017,май
"Адам
",27,2017,май
"Евгений
",27,2017,май
"Амир
",26,2017,май
"Семён
",26,2017,май
"Умар
",26,2017,май
"Всеволод
",24,2017,май
"Юрий
",24,2017,май
"Герман
",23,2017,май
"Артур
",23,2017,май
"Антон
",23,2017,май
"Савелий
",23,2017,май
"Олег
",23,2017,май
"Руслан
",22,2017,май
"Вадим
",22,2017,май
"Елисей
",21,2017,май
"Захар
",21,2017,май
"Даниэль
",20,2017,май
"Вячеслав
",20,2017,май
"Мухаммад
",19,2017,май
"Тихон
",18,2017,май
"Савва
",17,2017,май
"Роберт
",17,2017,май
"Святослав
",17,2017,май
"Али
",16,2017,май
"Родион
",15,2017,май
"Ян
",15,2017,май
"Эмир
",15,2017,май
"Станислав
",14,2017,май
"Лука
",13,2017,май
"Мирослав
",13,2017,май
"Дамир
",12,2017,май
"Валерий
",11,2017,май
"Эмиль
",11,2017,май
"Яков
",10,2017,май
"Виталий
",10,2017,май
"Арсен
",10,2017,май
"Борис
",9,2017,май
"Алинур
",9,2017,май
"Анатолий
",9,2017,май
"Гордей
",9,2017,май
"Демьян
",9,2017,май
"Ибрагим
",8,2017,май
"Билал
",8,2017,май
"Юсуф
",8,2017,май
"Эмин
",7,2017,май
"Эльдар
",7,2017,май
"Ариет
",7,2017,май
"Алихан
",7,2017,май
"Ислам
",7,2017,май
"Леон
",7,2017,май
"Магомед
",7,2017,май
"Серафим
",7,2017,май
"Рамиль
",7,2017,май
"Филипп
",7,2017,май
"Тамерлан
",6,2017,май
"Александр
",293,2017,июнь
"Максим
",219,2017,июнь
"Даниил, Данила, Данил
",216,2017,июнь
"Артём
",212,2017,июнь
"Михаил
",210,2017,июнь
"Иван
",205,2017,июнь
"Дмитрий
",175,2017,июнь
"Кирилл
",154,2017,июнь
"Андрей
",144,2017,июнь
"Матвей
",135,2017,июнь
"Егор
",124,2017,июнь
"Тимофей
",118,2017,июнь
"Никита
",117,2017,июнь
"Владимир
",103,2017,июнь
"Фёдор
",110,2017,июнь
"Алексей
",99,2017,июнь
"Константин
",96,2017,июнь
"Марк
",96,2017,июнь
"Роман
",93,2017,июнь
"Илья
",92,2017,июнь
"Лев
",84,2017,июнь
"Николай
",82,2017,июнь
"Ярослав
",82,2017,июнь
"Павел
",68,2017,июнь
"Григорий
",68,2017,июнь
"Сергей
",59,2017,июнь
"Степан
",57,2017,июнь
"Владислав
",57,2017,июнь
"Давид
",56,2017,июнь
"Глеб
",53,2017,июнь
"Тимур
",53,2017,июнь
"Георгий
",50,2017,июнь
"Денис
",48,2017,июнь
"Арсений
",48,2017,июнь
"Артемий
",45,2017,июнь
"Мирон
",43,2017,июнь
"Макар
",41,2017,июнь
"Семён
",35,2017,июнь
"Евгений
",35,2017,июнь
"Пётр
",35,2017,июнь
"Амир
",33,2017,июнь
"Платон
",32,2017,июнь
"Рамазан
",32,2017,июнь
"Руслан
",29,2017,июнь
"Богдан
",29,2017,июнь
"Вадим
",28,2017,июнь
"Василий
",28,2017,июнь
"Адам
",28,2017,июнь
"Юрий
",28,2017,июнь
"Леонид
",26,2017,июнь
"Олег
",25,2017,июнь
"Умар
",25,2017,июнь
"Виктор
",25,2017,июнь
"Вячеслав
",23,2017,июнь
"Игорь
",22,2017,июнь
"Артур
",21,2017,июнь
"Савелий
",21,2017,июнь
"Демид
",20,2017,июнь
"Герман
",19,2017,июнь
"Елисей
",19,2017,июнь
"Всеволод
",18,2017,июнь
"Дамир
",18,2017,июнь
"Роберт
",18,2017,июнь
"Станислав
",18,2017,июнь
"Лука
",17,2017,июнь
"Захар
",17,2017,июнь
"Антон
",17,2017,июнь
"Арсен
",16,2017,июнь
"Святослав
",16,2017,июнь
"Борис
",15,2017,июнь
"Филипп
",14,2017,июнь
"Марат
",14,2017,июнь
"Мухаммад
",14,2017,июнь
"Тихон
",13,2017,июнь
"Даниэль
",12,2017,июнь
"Аркадий
",11,2017,июнь
"Гордей
",11,2017,июнь
"Рамзан
",11,2017,июнь
"Эмир
",10,2017,июнь
"Демьян
",10,2017,июнь
"Ибрагим
",10,2017,июнь
"Али
",10,2017,июнь
"Алан
",10,2017,июнь
"Имран
",9,2017,июнь
"Эмиль
",9,2017,июнь
"Родион
",9,2017,июнь
"Юсуф
",9,2017,июнь
"Яков
",8,2017,июнь
"Ян
",8,2017,июнь
"Тигран
",8,2017,июнь
"Анатолий
",8,2017,июнь
"Алихан
",7,2017,июнь
"Булат
",7,2017,июнь
"Игнат
",7,2017,июнь
"Виталий
",7,2017,июнь
"Теодор
",7,2017,июнь
"Самир
",7,2017,июнь
"Савва
",7,2017,июнь
"Эмин
",7,2017,июнь
"Марсель
",6,2017,июнь
"Александр
",288,2017,июль
"Максим
",259,2017,июль
"Артём
",244,2017,июль
"Даниил, Данила, Данил
",239,2017,июль
"Иван
",234,2017,июль
"Михаил
",230,2017,июль
"Дмитрий
",185,2017,июль
"Кирилл
",146,2017,июль
"Матвей
",135,2017,июль
"Андрей
",131,2017,июль
"Алексей
",129,2017,июль
"Егор
",127,2017,июль
"Лев
",121,2017,июль
"Никита
",120,2017,июль
"Тимофей
",116,2017,июль
"Марк
",116,2017,июль
"Илья
",112,2017,июль
"Роман
",108,2017,июль
"Фёдор
",106,2017,июль
"Владимир
",97,2017,июль
"Павел
",94,2017,июль
"Константин
",83,2017,июль
"Ярослав
",82,2017,июль
"Сергей
",81,2017,июль
"Георгий
",64,2017,июль
"Николай
",63,2017,июль
"Степан
",61,2017,июль
"Владислав
",57,2017,июль
"Арсений
",57,2017,июль
"Мирон
",56,2017,июль
"Пётр
",56,2017,июль
"Денис
",51,2017,июль
"Давид
",50,2017,июль
"Тимур
",48,2017,июль
"Григорий
",46,2017,июль
"Виктор
",45,2017,июль
"Глеб
",45,2017,июль
"Артемий
",42,2017,июль
"Макар
",41,2017,июль
"Руслан
",41,2017,июль
"Семён
",41,2017,июль
"Евгений
",40,2017,июль
"Леонид
",37,2017,июль
"Юрий
",32,2017,июль
"Платон
",31,2017,июль
"Вадим
",31,2017,июль
"Богдан
",30,2017,июль
"Амир
",30,2017,июль
"Савелий
",29,2017,июль
"Олег
",29,2017,июль
"Артур
",29,2017,июль
"Даниэль
",27,2017,июль
"Елисей
",27,2017,июль
"Василий
",26,2017,июль
"Захар
",26,2017,июль
"Тихон
",25,2017,июль
"Умар
",24,2017,июль
"Святослав
",23,2017,июль
"Демид
",22,2017,июль
"Филипп
",21,2017,июль
"Игорь
",21,2017,июль
"Антон
",20,2017,июль
"Борис
",18,2017,июль
"Мухаммад
",18,2017,июль
"Роберт
",18,2017,июль
"Савва
",17,2017,июль
Али,16,2017,июль
"Мирослав
",16,2017,июль
"Герман
",16,2017,июль
"Вячеслав
",16,2017,июль
"Всеволод
",15,2017,июль
"Эмиль
",14,2017,июль
"Лука
",13,2017,июль
"Марат
",13,2017,июль
"Гордей
",13,2017,июль
"Эмин
",12,2017,июль
"Юсуф
",12,2017,июль
"Родион
",11,2017,июль
"Ян
",11,2017,июль
"Леон
",11,2017,июль
"Исмаил
",11,2017,июль
"Алинур
",10,2017,июль
"Дамир
",10,2017,июль
"Адам
",9,2017,июль
"Демьян
",9,2017,июль
"Ибрагим
",9,2017,июль
"Тигран
",9,2017,июль
"Алихан
",9,2017,июль
"Назар
",8,2017,июль
"Рамазан
",8,2017,июль
"Ислам
",8,2017,июль
"Ильяс
",8,2017,июль
"Нурислам
",8,2017,июль
"Имран
",8,2017,июль
"Станислав
",8,2017,июль
"Рамзан
",8,2017,июль
"Эмир
",8,2017,июль
"Марсель
",7,2017,июль
"Самир
",7,2017,июль
"Арсен
",7,2017,июль
"Александр
",283,2017,август
"Михаил
",255,2017,август
"Максим
",240,2017,август
"Артём
",239,2017,август
"Даниил, Данила, Данил
",212,2017,август
"Иван
",211,2017,август
"Илья
",198,2017,август
"Дмитрий
",184,2017,август
"Лев
",180,2017,август
"Матвей
",132,2017,август
"Андрей
",130,2017,август
"Кирилл
",127,2017,август
"Фёдор
",125,2017,август
"Алексей
",123,2017,август
"Марк
",121,2017,август
"Роман
",120,2017,август
"Владимир
",113,2017,август
"Ярослав
",110,2017,август
"Егор
",109,2017,август
"Никита
",107,2017,август
"Тимофей
",102,2017,август
"Константин
",90,2017,август
"Сергей
",78,2017,август
"Степан
",77,2017,август
"Павел
",76,2017,август
"Владислав
",68,2017,август
"Николай
",61,2017,август
"Тимур
",60,2017,август
"Макар
",56,2017,август
"Леонид
",56,2017,август
"Георгий
",55,2017,август
"Арсений
",53,2017,август
"Мирон
",53,2017,август
"Давид
",47,2017,август
"Платон
",45,2017,август
"Глеб
",44,2017,август
"Амир
",44,2017,август
"Денис
",43,2017,август
"Григорий
",42,2017,август
"Евгений
",41,2017,август
"Пётр
",41,2017,август
"Богдан
",38,2017,август
"Игорь
",37,2017,август
"Артемий
",34,2017,август
"Семён
",33,2017,август
"Артур
",32,2017,август
"Олег
",32,2017,август
"Демид
",30,2017,август
"Руслан
",29,2017,август
"Юрий
",28,2017,август
"Умар
",26,2017,август
"Антон
",26,2017,август
"Захар
",25,2017,август
"Даниэль
",25,2017,август
"Елисей
",24,2017,август
"Адам
",23,2017,август
"Василий
",23,2017,август
"Али
",22,2017,август
"Виктор
",22,2017,август
"Мухаммад, Мухаммед
",22,2017,август
"Вячеслав
",21,2017,август
"Вадим
",20,2017,август
"Святослав
",20,2017,август
"Лука
",19,2017,август
"Савва
",19,2017,август
"Савелий
",18,2017,август
"Роберт
",18,2017,август
"Родион
",17,2017,август
"Мирослав
",17,2017,август
"Филипп
",17,2017,август
"Тихон
",15,2017,август
"Борис
",15,2017,август
"Герман
",14,2017,август
"Всеволод
",13,2017,август
"Станислав
",13,2017,август
"Дамир
",13,2017,август
"Серафим
",11,2017,август
"Гордей
",11,2017,август
"Анатолий
",11,2017,август
"Алинур
",10,2017,август
"Эмин
",10,2017,август
"Ибрагим
",10,2017,август
"Аслан
",9,2017,август
"Расул
",9,2017,август
"Альберт
",9,2017,август
"Эмир
",8,2017,август
"Яромир
",8,2017,август
"Марат
",8,2017,август
"Валерий
",8,2017,август
"Феликс
",8,2017,август
"Мартин
",8,2017,август
"Юсуф
",8,2017,август
"Леон
",8,2017,август
"Ян
",8,2017,август
"Демьян
",7,2017,август
"Магомед
",7,2017,август
"Стефан
",7,2017,август
"Алихан
",7,2017,август
"Данис
",7,2017,август
"Марсель
",7,2017,август
